Date,Volume
5/31/22,"$33,538,210,634 "
5/30/22,"$39,277,993,274 "
5/29/22,"$18,093,886,409 "
5/28/22,"$19,252,320,708 "
5/27/22,"$36,582,005,748 "
5/26/22,"$36,774,325,352 "
5/25/22,"$27,525,063,551 "
5/24/22,"$26,616,506,245 "
5/23/22,"$31,483,454,557 "
5/22/22,"$21,631,532,270 "
5/21/22,"$17,274,840,442 "
5/20/22,"$30,749,382,605 "
5/19/22,"$33,773,447,707 "
5/18/22,"$31,285,268,319 "
5/17/22,"$29,101,473,475 "
5/16/22,"$32,613,897,286 "
5/15/22,"$25,835,372,065 "
5/14/22,"$28,579,868,620 "
5/13/22,"$42,841,124,537 "
5/12/22,"$66,989,173,272 "
5/11/22,"$70,388,855,818 "
5/10/22,"$59,811,038,817 "
5/9/22,"$63,355,494,961 "
5/8/22,"$36,763,041,910 "
5/7/22,"$24,375,896,406 "
5/6/22,"$37,795,577,489 "
5/5/22,"$43,106,256,317 "
5/4/22,"$36,754,404,490 "
5/3/22,"$27,326,943,244 "
5/2/22,"$32,922,642,426 "
5/1/22,"$27,002,760,110 "
4/30/22,"$23,895,713,731 "
4/29/22,"$30,882,994,649 "
4/28/22,"$33,903,704,907 "
4/27/22,"$30,981,015,184 "
4/26/22,"$34,569,088,416 "
4/25/22,"$35,445,730,570 "
4/24/22,"$17,964,398,167 "
4/23/22,"$16,138,021,249 "
4/22/22,"$28,011,716,745 "
4/21/22,"$35,372,786,395 "
4/20/22,"$27,819,532,341 "
4/19/22,"$25,303,206,547 "
4/18/22,"$33,705,182,072 "
4/17/22,"$19,087,633,042 "
4/16/22,"$16,833,150,693 "
4/15/22,"$21,756,855,753 "
4/14/22,"$24,342,001,973 "
4/13/22,"$27,691,105,228 "
4/11/22,"$33,949,912,166 "
4/10/22,"$17,654,475,582 "
4/9/22,"$16,050,772,496 "
4/8/22,"$27,215,995,394 "
4/7/22,"$26,101,973,106 "
4/6/22,"$39,393,395,788 "
4/5/22,"$29,640,604,055 "
4/4/22,"$32,499,785,455 "
4/3/22,"$25,414,397,610 "
4/2/22,"$29,336,594,194 "
4/1/22,"$38,162,644,287 "
3/31/22,"$33,327,427,106 "
3/30/22,"$29,333,883,962 "
3/29/22,"$31,397,059,069 "
3/28/22,"$36,362,175,703 "
3/27/22,"$28,160,889,722 "
3/26/22,"$16,950,455,995 "
3/25/22,"$30,574,413,034 "
3/24/22,"$31,042,992,291 "
3/23/22,"$25,242,943,069 "
3/22/22,"$32,004,652,376 "
3/21/22,"$24,615,543,271 "
3/20/22,"$20,127,946,682 "
3/19/22,"$19,664,853,187 "
3/18/22,"$34,421,564,942 "
3/17/22,"$22,009,601,093 "
3/16/22,"$39,616,916,192 "
3/15/22,"$23,934,000,868 "
3/14/22,"$24,322,159,070 "
3/13/22,"$17,300,745,310 "
3/12/22,"$14,616,450,657 "
3/11/22,"$26,364,890,465 "
3/10/22,"$31,078,064,711 "
3/9/22,"$32,284,121,034 "
3/8/22,"$25,776,583,476 "
3/7/22,"$28,546,143,503 "
3/6/22,"$19,745,229,902 "
3/5/22,"$16,975,917,450 "
3/4/22,"$28,516,271,427 "
3/3/22,"$24,967,782,593 "
3/2/22,"$29,183,112,630 "
3/1/22,"$32,479,047,645 "
2/28/22,"$35,690,014,104 "
2/27/22,"$23,450,127,612 "
2/26/22,"$17,467,554,129 "
2/25/22,"$26,545,599,159 "
2/24/22,"$46,383,802,093 "
2/23/22,"$21,849,073,843 "
2/22/22,"$25,493,150,450 "
2/21/22,"$29,280,402,798 "
2/20/22,"$18,340,576,452 "
2/19/22,"$13,736,557,863 "
2/18/22,"$23,310,007,704 "
2/17/22,"$26,246,662,813 "
2/16/22,"$19,792,547,657 "
2/15/22,"$22,721,659,051 "
2/14/22,"$20,827,783,012 "
2/13/22,"$14,741,589,015 "
2/12/22,"$18,152,390,304 "
2/11/22,"$26,954,925,781 "
2/10/22,"$32,142,048,537 "
2/9/22,"$23,245,887,300 "
2/8/22,"$33,079,398,868 "
2/7/22,"$28,641,855,926 "
2/6/22,"$16,142,097,334 "
2/5/22,"$19,652,846,215 "
2/4/22,"$29,412,210,792 "
2/3/22,"$18,591,534,769 "
2/2/22,"$19,155,189,416 "
2/1/22,"$20,288,500,328 "
1/31/22,"$20,734,730,465 "
1/30/22,"$14,643,548,444 "
1/29/22,"$17,194,183,075 "
1/28/22,"$22,238,830,523 "
1/27/22,"$25,041,426,629 "
1/26/22,"$31,324,598,034 "
1/25/22,"$26,428,189,594 "
1/24/22,"$41,856,658,597 "
1/23/22,"$26,017,975,951 "
1/22/22,"$39,714,385,405 "
1/21/22,"$43,011,992,031 "
1/20/22,"$20,382,033,940 "
1/19/22,"$23,091,543,258 "
1/18/22,"$22,417,209,227 "
1/17/22,"$21,690,904,261 "
1/16/22,"$17,902,097,845 "
1/15/22,"$18,371,348,298 "
1/14/22,"$23,577,403,399 "
1/13/22,"$47,691,135,082 "
1/12/22,"$33,499,938,689 "
1/11/22,"$26,327,648,900 "
1/10/22,"$32,104,232,331 "
1/9/22,"$21,294,384,372 "
1/8/22,"$28,066,355,845 "
1/7/22,"$84,196,607,520 "
1/6/22,"$30,208,048,289 "
1/5/22,"$36,851,084,859 "
1/4/22,"$42,494,677,905 "
1/3/22,"$33,071,628,362 "
1/2/22,"$27,951,569,547 "
1/1/22,"$24,582,667,004 "
12/31/21,"$36,974,172,400 "
12/30/21,"$26,686,491,018 "
12/29/21,"$30,049,226,299 "
12/28/21,"$33,430,376,883 "
12/27/21,"$24,324,345,758 "
12/26/21,"$20,964,372,926 "
12/25/21,"$19,030,650,914 "
12/24/21,"$24,367,912,228 "
12/23/21,"$28,223,878,108 "
12/22/21,"$24,447,979,559 "
12/21/21,"$27,055,803,928 "
12/20/21,"$30,961,902,129 "
12/19/21,"$25,154,053,861 "
12/18/21,"$26,098,292,690 "
12/17/21,"$32,902,725,329 "
12/16/21,"$27,268,150,947 "
12/15/21,"$36,541,828,520 "
12/14/21,"$34,638,619,079 "
12/13/21,"$32,166,727,776 "
12/12/21,"$21,939,223,599 "
12/11/21,"$25,775,869,261 "
12/10/21,"$30,966,005,122 "
12/9/21,"$29,603,577,251 "
12/8/21,"$28,479,699,446 "
12/7/21,"$33,676,814,852 "
12/6/21,"$37,707,308,001 "
12/5/21,"$37,198,201,161 "
12/4/21,"$61,385,677,469 "
12/3/21,"$39,789,134,215 "
12/2/21,"$32,379,968,686 "
12/1/21,"$36,858,195,307 "
11/30/21,"$36,708,594,618 "
11/29/21,"$32,370,840,356 "
11/28/21,"$28,116,886,357 "
11/27/21,"$30,560,857,714 "
11/26/21,"$41,810,748,221 "
11/25/21,"$34,284,016,248 "
11/24/21,"$36,635,566,789 "
11/23/21,"$37,485,803,899 "
11/22/21,"$35,036,121,783 "
11/21/21,"$26,123,447,605 "
11/20/21,"$30,624,264,863 "
11/19/21,"$38,702,407,772 "
11/18/21,"$41,388,338,699 "
11/17/21,"$39,178,392,930 "
11/16/21,"$46,844,335,592 "
11/15/21,"$30,558,763,548 "
11/14/21,"$25,122,092,191 "
11/13/21,"$30,474,228,777 "
11/12/21,"$36,084,893,887 "
11/11/21,"$35,880,633,236 "
11/10/21,"$48,730,828,378 "
11/9/21,"$42,357,991,721 "
11/8/21,"$41,125,608,330 "
11/7/21,"$24,726,754,302 "
11/6/21,"$29,094,934,221 "
11/5/21,"$30,605,102,446 "
11/4/21,"$32,615,846,901 "
11/3/21,"$36,124,731,509 "
11/2/21,"$37,746,665,647 "
11/1/21,"$36,150,572,843 "
10/31/21,"$32,241,199,927 "
10/30/21,"$32,157,938,616 "
10/29/21,"$36,856,881,767 "
10/28/21,"$45,257,083,247 "
10/27/21,"$43,657,076,893 "
10/26/21,"$34,878,965,587 "
10/25/21,"$31,064,911,614 "
10/24/21,"$27,316,183,882 "
10/23/21,"$26,882,546,034 "
10/22/21,"$38,434,082,775 "
10/21/21,"$45,908,121,370 "
10/20/21,"$40,788,955,582 "
10/19/21,"$40,471,196,346 "
10/18/21,"$38,055,562,075 "
10/17/21,"$29,032,367,511 "
10/16/21,"$34,250,964,237 "
10/15/21,"$51,780,081,801 "
10/14/21,"$36,615,791,366 "
10/13/21,"$41,684,252,783 "
10/12/21,"$41,083,758,949 "
10/11/21,"$42,637,331,698 "
10/10/21,"$39,527,792,364 "
10/9/21,"$32,491,211,414 "
10/8/21,"$34,800,873,924 "
10/7/21,"$36,807,860,413 "
10/6/21,"$49,034,730,168 "
10/5/21,"$35,873,904,236 "
10/4/21,"$33,383,173,002 "
10/3/21,"$26,638,115,879 "
10/2/21,"$30,614,346,492 "
10/1/21,"$42,850,641,582 "
9/30/21,"$31,141,681,925 "
9/29/21,"$30,602,359,905 "
9/28/21,"$30,214,940,550 "
9/27/21,"$30,980,029,059 "
9/26/21,"$30,661,222,077 "
9/25/21,"$31,604,717,236 "
9/24/21,"$42,839,345,714 "
9/23/21,"$34,244,064,430 "
9/22/21,"$38,139,709,246 "
9/21/21,"$48,701,090,088 "
9/20/21,"$43,909,845,642 "
9/19/21,"$26,967,722,648 "
9/18/21,"$28,575,630,451 "
9/17/21,"$28,727,713,711 "
9/16/21,"$31,764,293,754 "
9/15/21,"$30,484,496,466 "
9/14/21,"$38,652,152,880 "
9/13/21,"$40,969,943,253 "
9/12/21,"$27,881,980,161 "
9/11/21,"$34,499,835,245 "
9/10/21,"$39,154,666,597 "
9/9/21,"$38,672,657,013 "
9/8/21,"$49,007,762,488 "
9/7/21,"$65,210,059,683 "
9/6/21,"$38,884,105,426 "
9/5/21,"$30,322,676,319 "
9/4/21,"$37,471,327,794 "
9/3/21,"$43,206,179,619 "
9/2/21,"$39,508,070,319 "
9/1/21,"$39,139,399,125 "
8/31/21,"$34,730,363,427 "
8/30/21,"$31,847,007,016 "
8/29/21,"$25,889,650,240 "
8/28/21,"$28,568,103,401 "
8/27/21,"$34,511,076,995 "
8/26/21,"$32,666,549,568 "
8/25/21,"$32,646,349,931 "
8/24/21,"$35,361,168,834 "
8/23/21,"$34,305,053,719 "
8/22/21,"$25,370,975,378 "
8/21/21,"$40,585,205,312 "
8/20/21,"$34,706,867,452 "
8/19/21,"$37,204,312,299 "
8/18/21,"$32,194,123,075 "
8/17/21,"$33,451,362,600 "
8/16/21,"$32,776,876,610 "
8/15/21,"$30,988,958,446 "
8/14/21,"$31,211,354,442 "
8/13/21,"$31,744,259,539 "
8/12/21,"$33,723,620,826 "
8/11/21,"$34,319,709,073 "
8/10/21,"$33,546,019,517 "
8/9/21,"$38,734,079,049 "
8/8/21,"$36,302,664,750 "
8/7/21,"$40,030,862,141 "
8/6/21,"$38,226,483,046 "
8/5/21,"$35,185,031,017 "
8/4/21,"$25,372,562,724 "
8/3/21,"$26,189,830,450 "
8/2/21,"$25,595,265,436 "
8/1/21,"$26,688,438,115 "
7/31/21,"$25,802,845,343 "
7/30/21,"$33,072,782,960 "
7/29/21,"$27,167,146,027 "
7/28/21,"$38,702,404,695 "
7/27/21,"$35,097,370,560 "
7/26/21,"$51,022,126,212 "
7/25/21,"$20,856,685,287 "
7/24/21,"$21,664,706,865 "
7/23/21,"$22,552,046,192 "
7/22/21,"$19,555,230,518 "
7/21/21,"$28,203,024,559 "
7/20/21,"$23,148,267,245 "
7/19/21,"$20,434,789,545 "
7/18/21,"$18,787,986,667 "
7/17/21,"$18,895,018,942 "
7/16/21,"$23,699,476,918 "
7/15/21,"$21,300,524,237 "
7/14/21,"$21,376,531,210 "
7/13/21,"$19,120,856,669 "
7/12/21,"$24,321,499,537 "
7/11/21,"$20,108,729,370 "
7/10/21,"$22,971,873,468 "
7/9/21,"$27,436,021,028 "
7/8/21,"$29,910,396,946 "
7/7/21,"$24,796,027,477 "
7/6/21,"$26,501,259,870 "
7/5/21,"$26,721,554,282 "
7/4/21,"$24,924,307,911 "
7/3/21,"$24,383,958,643 "
7/2/21,"$38,728,974,942 "
7/1/21,"$37,838,957,079 "
6/30/21,"$34,059,036,099 "
6/29/21,"$37,901,460,044 "
6/28/21,"$33,892,523,752 "
6/27/21,"$35,511,640,894 "
6/26/21,"$38,585,385,521 "
6/25/21,"$40,230,904,226 "
6/24/21,"$33,123,368,116 "
6/23/21,"$46,317,108,925 "
6/22/21,"$58,964,353,058 "
6/21/21,"$52,809,038,594 "
6/20/21,"$36,664,034,054 "
6/19/21,"$31,207,279,719 "
6/18/21,"$36,200,887,275 "
6/17/21,"$37,096,670,047 "
6/16/21,"$39,211,635,100 "
6/15/21,"$46,420,149,185 "
6/14/21,"$43,148,914,673 "
6/13/21,"$40,669,112,838 "
6/12/21,"$37,924,228,550 "
6/11/21,"$38,699,736,985 "
6/10/21,"$43,576,032,854 "
6/9/21,"$53,972,919,008 "
6/8/21,"$49,902,050,442 "
6/7/21,"$33,683,936,663 "
6/6/21,"$28,913,440,585 "
6/5/21,"$35,959,473,399 "
6/4/21,"$41,831,090,187 "
6/3/21,"$35,460,750,427 "
6/2/21,"$33,070,867,190 "
6/1/21,"$34,639,423,297 "
5/31/21,"$39,009,847,639 "
5/30/21,"$31,646,080,921 "
5/29/21,"$45,231,013,335 "
5/28/21,"$55,200,191,952 "
5/27/21,"$43,210,968,721 "
5/26/21,"$51,346,735,160 "
5/25/21,"$56,211,915,803 "
5/24/21,"$67,359,584,098 "
5/23/21,"$78,469,274,361 "
5/22/21,"$57,377,273,240 "
5/21/21,"$82,051,616,861 "
5/20/21,"$88,281,943,359 "
5/19/21,"$126,358,098,747 "
5/18/21,"$56,187,365,084 "
5/17/21,"$74,903,638,450 "
5/16/21,"$64,047,871,555 "
5/15/21,"$59,161,047,474 "
5/14/21,"$55,737,497,453 "
5/13/21,"$96,721,152,926 "
5/12/21,"$75,215,403,907 "
5/11/21,"$61,308,396,325 "
5/10/21,"$71,776,546,298 "
5/9/21,"$65,906,690,347 "
5/8/21,"$65,382,980,634 "
5/7/21,"$68,434,023,376 "
5/6/21,"$69,523,285,106 "
5/5/21,"$69,241,316,747 "
5/4/21,"$68,564,706,967 "
5/3/21,"$51,713,139,031 "
5/2/21,"$38,177,405,335 "
5/1/21,"$42,836,427,360 "
4/30/21,"$52,395,931,985 "
4/29/21,"$46,088,929,780 "
4/28/21,"$48,000,572,955 "
4/27/21,"$49,448,222,757 "
4/26/21,"$58,284,039,825 "
4/25/21,"$46,117,114,240 "
4/24/21,"$49,014,494,781 "
4/23/21,"$86,668,667,320 "
4/22/21,"$74,798,630,778 "
4/21/21,"$54,926,612,466 "
4/20/21,"$67,849,323,955 "
4/19/21,"$65,344,865,159 "
4/18/21,"$97,468,872,758 "
4/17/21,"$66,138,759,198 "
4/16/21,"$84,293,007,468 "
4/15/21,"$60,954,381,579 "
4/14/21,"$77,451,779,687 "
4/13/21,"$69,983,454,362 "
4/12/21,"$51,828,688,519 "
4/11/21,"$46,280,252,580 "
4/10/21,"$58,238,470,525 "
4/9/21,"$46,655,208,546 "
4/8/21,"$53,053,855,641 "
4/7/21,"$75,645,303,584 "
4/6/21,"$66,058,027,988 "
4/5/21,"$60,706,272,115 "
4/4/21,"$50,749,662,970 "
4/3/21,"$59,641,344,484 "
4/2/21,"$58,727,860,620 "
4/1/21,"$61,669,163,792 "
3/31/21,"$65,520,826,225 "
3/30/21,"$54,414,116,432 "
3/29/21,"$57,625,587,027 "
3/28/21,"$47,686,580,918 "
3/27/21,"$47,266,542,233 "
3/26/21,"$56,652,197,978 "
3/25/21,"$67,999,812,841 "
3/24/21,"$70,567,223,787 "
3/23/21,"$56,435,023,914 "
3/22/21,"$56,521,454,974 "
3/21/21,"$51,943,414,539 "
3/20/21,"$50,361,731,222 "
3/19/21,"$49,063,873,786 "
3/18/21,"$55,746,041,000 "
3/17/21,"$60,258,313,191 "
3/16/21,"$59,749,798,599 "
3/15/21,"$66,419,369,890 "
3/14/21,"$43,901,225,564 "
3/13/21,"$60,669,829,814 "
3/12/21,"$55,689,944,702 "
3/11/21,"$56,772,343,595 "
3/10/21,"$57,295,577,614 "
3/9/21,"$50,912,227,385 "
3/8/21,"$48,597,428,048 "
3/7/21,"$43,137,459,378 "
3/6/21,"$34,363,564,661 "
3/5/21,"$48,625,928,883 "
3/4/21,"$52,343,816,680 "
3/3/21,"$53,220,811,975 "
3/2/21,"$47,530,897,720 "
3/1/21,"$53,891,300,112 "
2/28/21,"$53,443,887,451 "
2/27/21,"$45,910,946,382 "
2/26/21,"$350,967,941,479 "
2/25/21,"$54,506,565,949 "
2/24/21,"$63,695,521,388 "
2/23/21,"$106,102,492,824 "
2/22/21,"$92,052,420,332 "
2/21/21,"$51,897,585,191 "
2/20/21,"$68,145,460,026 "
2/19/21,"$63,495,496,918 "
2/18/21,"$52,054,723,579 "
2/17/21,"$80,820,545,404 "
2/16/21,"$77,049,582,886 "
2/15/21,"$77,069,903,166 "
2/14/21,"$71,248,675,228 "
2/13/21,"$70,250,456,155 "
2/12/21,"$76,555,041,196 "
2/11/21,"$81,388,911,810 "
2/10/21,"$87,301,089,896 "
2/9/21,"$91,809,846,886 "
2/8/21,"$101,467,222,687 "
2/7/21,"$65,500,641,143 "
2/6/21,"$71,326,033,653 "
2/5/21,"$58,598,066,402 "
2/4/21,"$68,838,074,392 "
2/3/21,"$61,166,818,159 "
2/2/21,"$63,088,585,433 "
2/1/21,"$61,400,400,660 "
1/31/21,"$52,754,542,671 "
1/30/21,"$65,141,828,798 "
1/29/21,"$117,894,572,511 "
1/28/21,"$76,517,157,706 "
1/27/21,"$62,576,762,015 "
1/26/21,"$60,255,421,470 "
1/25/21,"$59,897,054,838 "
1/24/21,"$48,643,830,599 "
1/23/21,"$48,354,737,975 "
1/22/21,"$77,207,272,511 "
1/21/21,"$75,643,067,688 "
1/20/21,"$66,834,573,161 "
1/19/21,"$57,244,195,486 "
1/18/21,"$49,511,702,429 "
1/17/21,"$52,359,854,336 "
1/16/21,"$57,706,187,875 "
1/15/21,"$67,760,757,881 "
1/14/21,"$63,615,990,033 "
1/13/21,"$69,364,315,979 "
1/12/21,"$74,773,277,909 "
1/11/21,"$123,320,567,399 "
1/10/21,"$79,980,747,690 "
1/9/21,"$61,984,162,837 "
1/8/21,"$88,107,519,480 "
1/7/21,"$84,762,141,031 "
1/6/21,"$75,289,433,811 "
1/5/21,"$67,547,324,782 "
1/4/21,"$81,163,475,344 "
1/3/21,"$78,665,235,202 "
1/2/21,"$67,865,420,765 "
1/1/21,"$40,730,301,359 "
12/31/20,"$46,754,964,848 "
12/30/20,"$51,287,442,704 "
12/29/20,"$45,265,946,774 "
12/28/20,"$49,056,742,893 "
12/27/20,"$66,479,895,605 "
12/26/20,"$48,332,647,295 "
12/25/20,"$42,068,395,846 "
12/24/20,"$41,080,759,713 "
12/23/20,"$51,146,161,904 "
12/22/20,"$44,171,632,681 "
12/21/20,"$45,852,713,981 "
12/20/20,"$37,844,228,422 "
12/19/20,"$38,487,546,580 "
12/18/20,"$40,387,896,275 "
12/17/20,"$71,378,606,374 "
12/16/20,"$44,409,011,479 "
12/15/20,"$26,741,982,541 "
12/14/20,"$22,473,997,681 "
12/13/20,"$25,450,468,637 "
12/12/20,"$21,752,580,802 "
12/11/20,"$27,919,640,985 "
12/10/20,"$25,547,132,265 "
12/9/20,"$34,420,373,071 "
12/8/20,"$31,692,288,756 "
12/7/20,"$26,896,357,742 "
12/6/20,"$25,293,775,714 "
12/5/20,"$27,242,455,064 "
12/4/20,"$33,872,388,058 "
12/3/20,"$31,930,317,405 "
12/2/20,"$37,387,697,139 "
12/1/20,"$49,633,658,712 "
11/30/20,"$47,728,480,399 "
11/29/20,"$31,133,957,704 "
11/28/20,"$32,601,040,734 "
11/27/20,"$38,886,494,645 "
11/26/20,"$61,396,835,737 "
11/25/20,"$43,710,357,371 "
11/24/20,"$51,469,565,009 "
11/23/20,"$42,741,112,308 "
11/22/20,"$41,280,434,226 "
11/21/20,"$39,650,210,707 "
11/20/20,"$36,992,873,940 "
11/19/20,"$36,985,055,355 "
11/18/20,"$49,064,800,278 "
11/17/20,"$39,006,849,170 "
11/16/20,"$31,526,766,675 "
11/15/20,"$23,653,867,583 "
11/14/20,"$27,481,710,135 "
11/13/20,"$31,599,492,172 "
11/12/20,"$34,175,758,344 "
11/11/20,"$29,772,374,934 "
11/10/20,"$25,574,938,143 "
11/9/20,"$34,149,115,566 "
11/8/20,"$26,632,075,029 "
11/7/20,"$35,024,953,706 "
11/6/20,"$39,837,841,971 "
11/5/20,"$40,856,321,439 "
11/4/20,"$35,116,364,962 "
11/3/20,"$29,869,951,617 "
11/2/20,"$30,771,455,468 "
11/1/20,"$24,453,857,900 "
10/31/20,"$30,306,464,719 "
10/30/20,"$30,581,485,201 "
10/29/20,"$56,499,499,598 "
10/28/20,"$35,867,318,895 "
10/27/20,"$33,749,878,156 "
10/26/20,"$29,461,458,313 "
10/25/20,"$24,406,920,575 "
10/24/20,"$24,542,317,940 "
10/23/20,"$28,974,975,003 "
10/22/20,"$34,729,759,598 "
10/21/20,"$43,414,712,626 "
10/20/20,"$30,915,821,592 "
10/19/20,"$23,860,769,928 "
10/18/20,"$18,283,314,340 "
10/17/20,"$19,130,430,174 "
10/16/20,"$25,635,480,772 "
10/15/20,"$24,487,233,058 "
10/14/20,"$24,103,426,719 "
10/13/20,"$24,241,420,251 "
10/12/20,"$26,163,972,642 "
10/11/20,"$19,968,627,060 "
10/10/20,"$22,877,978,588 "
10/9/20,"$22,799,117,613 "
10/8/20,"$63,314,794,397 "
10/7/20,"$37,799,458,436 "
10/6/20,"$42,623,695,307 "
10/5/20,"$47,537,578,009 "
10/4/20,"$71,251,776,995 "
10/3/20,"$44,660,271,563 "
10/2/20,"$48,661,453,918 "
10/1/20,"$40,023,134,100 "
9/30/20,"$44,171,073,700 "
9/29/20,"$46,582,396,602 "
9/28/20,"$47,762,394,731 "
9/27/20,"$53,745,972,818 "
9/26/20,"$46,852,525,493 "
9/25/20,"$39,348,590,957 "
9/24/20,"$47,144,380,902 "
9/23/20,"$23,788,661,867 "
9/22/20,"$23,621,787,804 "
9/21/20,"$28,884,999,244 "
9/20/20,"$24,699,523,788 "
9/19/20,"$22,764,204,008 "
9/18/20,"$26,341,903,912 "
9/17/20,"$38,151,810,523 "
9/16/20,"$30,769,986,455 "
9/15/20,"$32,509,451,925 "
9/14/20,"$35,453,581,940 "
9/13/20,"$36,506,852,789 "
9/12/20,"$36,750,077,324 "
9/11/20,"$45,201,121,775 "
9/10/20,"$54,406,443,211 "
9/9/20,"$24,128,292,755 "
9/8/20,"$33,430,927,462 "
9/7/20,"$33,703,098,409 "
9/6/20,"$37,071,460,174 "
9/5/20,"$44,916,565,292 "
9/4/20,"$29,965,130,374 "
9/3/20,"$31,927,261,555 "
9/2/20,"$28,037,405,299 "
9/1/20,"$27,311,555,343 "
8/31/20,"$22,285,928,250 "
8/30/20,"$19,760,127,945 "
8/29/20,"$17,485,597,759 "
8/28/20,"$19,807,127,588 "
8/27/20,"$23,240,415,076 "
8/26/20,"$22,466,660,958 "
8/25/20,"$26,301,509,932 "
8/24/20,"$20,681,511,755 "
8/23/20,"$18,482,062,658 "
8/22/20,"$20,224,191,306 "
8/21/20,"$23,762,425,999 "
8/20/20,"$20,175,242,945 "
8/19/20,"$24,502,851,117 "
8/18/20,"$26,043,227,672 "
8/17/20,"$28,227,687,027 "
8/16/20,"$20,583,375,490 "
8/15/20,"$23,354,924,400 "
8/14/20,"$24,237,958,589 "
8/13/20,"$27,522,199,497 "
8/12/20,"$25,064,548,486 "
8/11/20,"$27,039,782,640 "
8/10/20,"$26,114,112,569 "
8/9/20,"$17,489,608,833 "
8/8/20,"$17,572,057,837 "
8/7/20,"$23,132,312,867 "
8/6/20,"$23,400,740,340 "
8/5/20,"$24,411,254,471 "
8/4/20,"$21,250,197,042 "
8/3/20,"$20,271,713,443 "
8/2/20,"$27,410,067,336 "
8/1/20,"$26,075,670,303 "
7/31/20,"$23,160,469,766 "
7/30/20,"$22,857,247,901 "
7/29/20,"$24,617,249,715 "
7/28/20,"$28,766,551,142 "
7/27/20,"$35,359,749,590 "
7/26/20,"$20,507,998,997 "
7/25/20,"$16,610,070,933 "
7/24/20,"$16,552,768,325 "
7/23/20,"$18,146,399,002 "
7/22/20,"$16,532,254,884 "
7/21/20,"$18,069,581,956 "
7/20/20,"$13,755,604,146 "
7/19/20,"$12,939,002,784 "
7/18/20,"$12,252,601,475 "
7/17/20,"$13,944,570,749 "
7/16/20,"$15,713,967,523 "
7/15/20,"$15,844,731,575 "
7/14/20,"$18,085,038,362 "
7/13/20,"$17,519,821,266 "
7/12/20,"$14,452,361,907 "
7/11/20,"$13,249,910,444 "
7/10/20,"$16,860,035,605 "
7/9/20,"$18,000,702,524 "
7/8/20,"$19,702,359,883 "
7/7/20,"$13,839,652,595 "
7/6/20,"$17,889,263,252 "
7/5/20,"$12,903,406,143 "
7/4/20,"$12,290,528,515 "
7/3/20,"$13,078,970,999 "
7/2/20,"$16,338,916,796 "
7/1/20,"$15,971,550,355 "
6/30/20,"$15,735,797,744 "
6/29/20,"$16,460,547,078 "
6/28/20,"$14,560,870,760 "
6/27/20,"$17,273,093,144 "
6/26/20,"$18,341,465,837 "
6/25/20,"$18,616,048,626 "
6/24/20,"$18,961,716,076 "
6/23/20,"$17,006,433,272 "
6/22/20,"$21,104,009,514 "
6/21/20,"$15,324,301,169 "
6/20/20,"$17,130,541,557 "
6/19/20,"$19,632,223,107 "
6/18/20,"$17,770,083,003 "
6/17/20,"$20,177,709,879 "
6/16/20,"$21,565,537,209 "
6/15/20,"$26,699,704,768 "
6/14/20,"$18,991,732,746 "
6/13/20,"$17,564,322,315 "
6/12/20,"$22,610,564,515 "
6/11/20,"$30,247,143,440 "
6/10/20,"$25,706,567,601 "
6/9/20,"$23,717,842,783 "
6/8/20,"$21,486,346,312 "
6/7/20,"$25,015,250,846 "
6/6/20,"$20,438,419,222 "
6/5/20,"$23,509,628,646 "
6/4/20,"$25,921,805,072 "
6/3/20,"$25,007,459,262 "
6/2/20,"$39,137,252,109 "
6/1/20,"$35,198,901,068 "
5/31/20,"$27,773,290,299 "
5/30/20,"$32,722,975,141 "
5/29/20,"$32,896,642,044 "
5/28/20,"$34,367,073,114 "
5/27/20,"$32,740,536,902 "
5/26/20,"$29,584,186,947 "
5/25/20,"$31,288,157,264 "
5/24/20,"$32,518,803,300 "
5/23/20,"$27,727,866,812 "
5/22/20,"$29,810,773,699 "
5/21/20,"$39,326,160,532 "
5/20/20,"$36,546,239,703 "
5/19/20,"$39,254,288,955 "
5/18/20,"$41,827,139,896 "
5/17/20,"$40,084,250,663 "
5/16/20,"$36,164,766,408 "
5/15/20,"$48,158,802,327 "
5/14/20,"$56,426,907,637 "
5/13/20,"$45,558,144,023 "
5/12/20,"$42,142,717,533 "
5/11/20,"$57,119,858,802 "
5/10/20,"$63,325,279,337 "
5/9/20,"$46,566,121,841 "
5/8/20,"$51,780,748,042 "
5/7/20,"$61,112,700,562 "
5/6/20,"$49,371,886,931 "
5/5/20,"$43,148,462,663 "
5/4/20,"$45,718,796,276 "
5/3/20,"$47,101,785,174 "
5/2/20,"$40,134,388,683 "
5/1/20,"$44,068,389,997 "
4/30/20,"$66,964,629,541 "
4/29/20,"$60,201,052,203 "
4/28/20,"$33,187,959,921 "
4/27/20,"$36,162,144,725 "
4/26/20,"$33,070,154,491 "
4/25/20,"$32,941,541,447 "
4/24/20,"$34,636,526,286 "
4/23/20,"$43,500,782,316 "
4/22/20,"$33,249,153,866 "
4/21/20,"$32,589,741,511 "
4/20/20,"$37,747,113,936 "
4/19/20,"$31,311,210,215 "
4/18/20,"$32,447,188,386 "
4/17/20,"$32,513,423,567 "
4/16/20,"$46,783,242,377 "
4/15/20,"$32,288,311,031 "
4/14/20,"$34,110,434,052 "
4/13/20,"$38,619,308,647 "
4/12/20,"$35,759,567,632 "
4/11/20,"$31,222,085,946 "
4/10/20,"$43,622,840,992 "
4/9/20,"$34,815,139,178 "
4/8/20,"$37,563,249,549 "
4/7/20,"$44,243,482,668 "
4/6/20,"$46,896,904,615 "
4/5/20,"$29,510,409,856 "
4/4/20,"$33,185,988,584 "
4/3/20,"$38,976,504,903 "
4/2/20,"$47,660,646,124 "
4/1/20,"$40,346,426,266 "
3/31/20,"$32,786,468,812 "
3/30/20,"$37,101,651,525 "
3/29/20,"$28,373,690,931 "
3/28/20,"$34,885,225,901 "
3/27/20,"$34,585,598,367 "
3/26/20,"$35,319,797,642 "
3/25/20,"$44,590,107,888 "
3/24/20,"$48,221,910,672 "
3/23/20,"$46,491,916,000 "
3/22/20,"$40,099,664,740 "
3/21/20,"$42,494,390,880 "
3/20/20,"$54,442,976,103 "
3/19/20,"$51,000,731,797 "
3/18/20,"$37,878,801,016 "
3/17/20,"$38,622,642,935 "
3/16/20,"$45,368,026,430 "
3/15/20,"$33,997,889,639 "
3/14/20,"$36,154,506,008 "
3/13/20,"$74,156,772,075 "
3/12/20,"$53,980,357,243 "
3/11/20,"$38,682,762,605 "
3/10/20,"$42,213,940,994 "
3/9/20,"$46,936,995,808 "
3/8/20,"$39,973,102,121 "
3/7/20,"$36,216,930,370 "
3/6/20,"$40,826,885,651 "
3/5/20,"$39,698,054,597 "
3/4/20,"$34,746,706,368 "
3/3/20,"$42,386,715,821 "
3/2/20,"$42,857,674,409 "
3/1/20,"$35,349,164,300 "
2/29/20,"$35,792,392,544 "
2/28/20,"$44,605,450,443 "
2/27/20,"$45,470,195,695 "
2/26/20,"$50,420,050,762 "
2/25/20,"$42,515,259,129 "
2/24/20,"$45,080,496,648 "
2/23/20,"$41,185,185,761 "
2/22/20,"$35,838,025,154 "
2/21/20,"$40,930,547,513 "
2/20/20,"$44,925,260,237 "
2/19/20,"$46,992,019,710 "
2/18/20,"$47,271,023,953 "
2/17/20,"$45,998,298,413 "
2/16/20,"$43,374,780,305 "
2/15/20,"$43,865,054,831 "
2/14/20,"$43,338,264,162 "
2/13/20,"$49,356,071,373 "
2/12/20,"$43,444,303,830 "
2/11/20,"$37,648,059,389 "
2/10/20,"$39,386,548,075 "
2/9/20,"$35,807,884,663 "
2/8/20,"$35,172,043,762 "
2/7/20,"$34,522,718,159 "
2/6/20,"$37,628,823,716 "
2/5/20,"$35,222,060,874 "
2/4/20,"$29,893,183,716 "
2/3/20,"$30,934,096,509 "
2/2/20,"$30,835,736,946 "
2/1/20,"$25,922,656,496 "
1/31/20,"$29,432,489,719 "
1/30/20,"$32,378,792,851 "
1/29/20,"$30,682,598,115 "
1/28/20,"$34,398,744,403 "
1/27/20,"$28,647,338,393 "
1/26/20,"$22,177,678,796 "
1/25/20,"$19,647,331,549 "
1/24/20,"$24,397,913,026 "
1/23/20,"$25,770,680,779 "
1/22/20,"$22,600,204,051 "
1/21/20,"$24,097,418,512 "
1/20/20,"$26,422,375,678 "
1/19/20,"$34,217,320,471 "
1/18/20,"$32,337,772,627 "
1/17/20,"$36,372,139,320 "
1/16/20,"$31,313,981,931 "
1/15/20,"$40,102,834,650 "
1/14/20,"$44,841,784,107 "
1/13/20,"$22,482,910,688 "
1/12/20,"$22,903,438,381 "
1/11/20,"$25,521,165,085 "
1/10/20,"$28,714,583,844 "
1/9/20,"$24,045,990,466 "
1/8/20,"$31,672,559,265 "
1/7/20,"$28,767,291,327 "
1/6/20,"$23,276,261,598 "
1/5/20,"$19,725,074,095 "
1/4/20,"$18,444,271,275 "
1/3/20,"$28,111,481,032 "
1/2/20,"$20,802,083,465 "
1/1/20,"$18,565,664,997 "
12/31/19,"$21,167,946,112 "
12/30/19,"$22,874,131,672 "
12/29/19,"$22,445,257,702 "
12/28/19,"$21,365,673,026 "
12/27/19,"$22,777,360,996 "
12/26/19,"$22,787,010,034 "
12/25/19,"$21,559,505,149 "
12/24/19,"$22,991,622,105 "
12/23/19,"$27,831,788,041 "
12/22/19,"$23,134,537,956 "
12/21/19,"$19,312,552,168 "
12/20/19,"$22,633,815,180 "
12/19/19,"$25,904,604,416 "
12/18/19,"$31,836,522,778 "
12/17/19,"$22,363,804,217 "
12/16/19,"$20,213,265,950 "
12/15/19,"$16,881,129,804 "
12/14/19,"$17,137,029,730 "
12/13/19,"$17,125,736,940 "
12/12/19,"$18,927,080,224 "
12/11/19,"$16,350,490,689 "
12/10/19,"$18,249,031,195 "
12/9/19,"$17,872,021,272 "
12/8/19,"$15,409,908,086 "
12/7/19,"$15,453,520,564 "
12/6/19,"$18,104,466,307 "
12/5/19,"$18,816,085,231 "
12/4/19,"$21,664,240,918 "
12/3/19,"$14,797,485,769 "
12/2/19,"$17,082,040,706 "
12/1/19,"$18,720,708,479 "
11/30/19,"$17,158,194,786 "
11/29/19,"$19,709,695,456 "
11/28/19,"$19,050,116,751 "
11/27/19,"$23,991,412,764 "
11/26/19,"$21,129,505,542 "
11/25/19,"$42,685,231,262 "
11/24/19,"$30,433,517,289 "
11/23/19,"$21,008,924,418 "
11/22/19,"$34,242,315,785 "
11/21/19,"$22,514,243,371 "
11/20/19,"$20,764,300,437 "
11/19/19,"$21,083,613,816 "
11/18/19,"$21,579,470,673 "
11/17/19,"$18,668,638,897 "
11/16/19,"$16,495,389,808 "
11/15/19,"$21,796,856,471 "
11/14/19,"$19,084,739,975 "
11/13/19,"$17,545,755,405 "
11/12/19,"$20,309,769,107 "
11/11/19,"$20,265,510,765 "
11/10/19,"$20,587,919,881 "
11/9/19,"$17,578,630,606 "
11/8/19,"$24,333,037,836 "
11/7/19,"$22,700,383,839 "
11/6/19,"$23,133,895,765 "
11/5/19,"$26,198,609,048 "
11/4/19,"$26,170,255,634 "
11/3/19,"$21,132,220,847 "
11/2/19,"$21,242,676,385 "
11/1/19,"$24,324,691,031 "
10/31/19,"$26,583,653,947 "
10/30/19,"$27,706,531,577 "
10/29/19,"$28,426,779,937 "
10/28/19,"$30,948,255,332 "
10/27/19,"$32,593,129,501 "
10/26/19,"$44,496,255,609 "
10/25/19,"$28,705,065,488 "
10/24/19,"$16,268,708,849 "
10/23/19,"$21,942,878,958 "
10/22/19,"$16,803,377,857 "
10/21/19,"$15,868,748,866 "
10/20/19,"$15,504,249,442 "
10/19/19,"$13,797,825,640 "
10/18/19,"$15,651,592,610 "
10/17/19,"$14,313,052,244 "
10/16/19,"$16,071,646,996 "
10/15/19,"$15,220,412,632 "
10/14/19,"$15,151,387,859 "
10/13/19,"$13,808,286,059 "
10/12/19,"$14,532,641,605 "
10/11/19,"$19,604,381,101 "
10/10/19,"$17,618,660,671 "
10/9/19,"$19,384,942,333 "
10/8/19,"$15,592,264,032 "
10/7/19,"$18,009,742,607 "
10/6/19,"$13,160,830,305 "
10/5/19,"$12,200,497,197 "
10/4/19,"$13,139,456,229 "
10/3/19,"$13,668,823,409 "
10/2/19,"$13,125,712,443 "
10/1/19,"$15,305,343,413 "
9/30/19,"$17,115,474,183 "
9/29/19,"$13,034,629,109 "
9/28/19,"$14,141,152,736 "
9/27/19,"$16,408,941,156 "
9/26/19,"$19,258,205,289 "
9/25/19,"$21,744,728,353 "
9/24/19,"$25,002,886,689 "
9/23/19,"$15,144,925,408 "
9/22/19,"$13,199,651,698 "
9/21/19,"$13,425,266,806 "
9/20/19,"$14,734,189,639 "
9/19/19,"$19,937,691,247 "
9/18/19,"$16,169,268,880 "
9/17/19,"$15,304,603,363 "
9/16/19,"$15,160,167,779 "
9/15/19,"$12,043,433,567 "
9/14/19,"$13,468,713,124 "
9/13/19,"$14,109,864,675 "
9/12/19,"$15,323,563,925 "
9/11/19,"$15,428,063,426 "
9/10/19,"$14,906,809,639 "
9/9/19,"$17,595,943,368 "
9/8/19,"$13,670,567,493 "
9/7/19,"$15,307,366,476 "
9/6/19,"$19,536,574,783 "
9/5/19,"$14,551,239,508 "
9/4/19,"$16,742,664,769 "
9/3/19,"$19,384,917,989 "
9/2/19,"$17,248,102,294 "
9/1/19,"$11,445,355,859 "
8/31/19,"$11,454,806,419 "
8/30/19,"$13,595,263,986 "
8/29/19,"$17,045,878,501 "
8/28/19,"$17,603,790,323 "
8/27/19,"$14,762,609,503 "
8/26/19,"$18,438,654,080 "
8/25/19,"$14,153,856,610 "
8/24/19,"$15,451,030,650 "
8/23/19,"$15,627,023,886 "
8/22/19,"$17,097,508,856 "
8/21/19,"$19,473,084,768 "
8/20/19,"$15,053,082,175 "
8/19/19,"$16,038,264,603 "
8/18/19,"$12,999,813,869 "
8/17/19,"$13,778,035,685 "
8/16/19,"$20,228,207,096 "
8/15/19,"$22,899,115,082 "
8/14/19,"$19,990,838,300 "
8/13/19,"$16,681,503,537 "
8/12/19,"$13,647,198,229 "
8/11/19,"$15,774,371,518 "
8/10/19,"$18,125,355,447 "
8/9/19,"$18,339,989,960 "
8/8/19,"$19,481,591,730 "
8/7/19,"$22,194,988,641 "
8/6/19,"$23,635,107,660 "
8/5/19,"$23,875,988,832 "
8/4/19,"$16,530,894,787 "
8/3/19,"$15,352,685,061 "
8/2/19,"$17,489,094,082 "
8/1/19,"$17,165,337,858 "
7/31/19,"$16,631,520,648 "
7/30/19,"$13,829,811,132 "
7/29/19,"$13,791,445,323 "
7/28/19,"$13,738,687,093 "
7/27/19,"$16,817,809,536 "
7/26/19,"$14,495,714,483 "
7/25/19,"$15,821,952,090 "
7/24/19,"$17,398,734,322 "
7/23/19,"$17,851,916,995 "
7/22/19,"$16,334,414,913 "
7/21/19,"$17,130,580,467 "
7/20/19,"$20,206,615,155 "
7/19/19,"$20,727,426,310 "
7/18/19,"$25,187,024,648 "
7/17/19,"$24,569,921,549 "
7/16/19,"$24,151,199,070 "
7/15/19,"$25,384,047,207 "
7/14/19,"$22,486,000,001 "
7/13/19,"$21,042,616,384 "
7/12/19,"$23,534,692,797 "
7/11/19,"$28,595,327,690 "
7/10/19,"$33,627,574,244 "
7/9/19,"$28,167,921,523 "
7/8/19,"$23,482,551,458 "
7/7/19,"$19,369,044,277 "
7/6/19,"$21,092,024,306 "
7/5/19,"$23,838,480,210 "
7/4/19,"$25,920,294,033 "
7/3/19,"$30,796,494,294 "
7/2/19,"$31,015,895,223 "
7/1/19,"$29,378,589,324 "
6/30/19,"$27,256,473,494 "
6/29/19,"$29,923,961,128 "
6/28/19,"$35,087,757,766 "
6/27/19,"$39,977,475,223 "
6/26/19,"$45,105,733,173 "
6/25/19,"$24,879,684,533 "
6/24/19,"$19,271,652,365 "
6/23/19,"$20,998,326,502 "
6/22/19,"$29,995,204,861 "
6/21/19,"$20,624,008,643 "
6/20/19,"$17,846,823,784 "
6/19/19,"$15,546,809,946 "
6/18/19,"$15,848,210,536 "
6/17/19,"$15,562,951,919 "
6/16/19,"$23,348,550,311 "
6/15/19,"$18,371,033,226 "
6/14/19,"$19,831,162,906 "
6/13/19,"$18,669,407,147 "
6/12/19,"$19,034,432,883 "
6/11/19,"$17,107,279,932 "
6/10/19,"$18,689,275,117 "
6/9/19,"$16,610,726,547 "
6/8/19,"$16,522,722,810 "
6/7/19,"$19,141,423,231 "
6/6/19,"$19,474,611,077 "
6/5/19,"$21,760,923,463 "
6/4/19,"$24,609,731,549 "
6/3/19,"$22,004,511,436 "
6/2/19,"$20,266,216,022 "
6/1/19,"$22,488,303,544 "
5/31/19,"$25,365,190,957 "
5/30/19,"$29,246,528,551 "
5/29/19,"$23,473,479,966 "
5/28/19,"$24,226,919,267 "
5/27/19,"$27,949,839,564 "
5/26/19,"$26,677,970,091 "
5/25/19,"$22,256,813,107 "
5/24/19,"$25,919,126,991 "
5/23/19,"$24,457,107,820 "
5/22/19,"$24,719,473,175 "
5/21/19,"$25,127,245,056 "
5/20/19,"$23,843,404,340 "
5/19/19,"$25,902,422,040 "
5/18/19,"$21,354,286,562 "
5/17/19,"$30,066,644,905 "
5/16/19,"$33,167,197,581 "
5/15/19,"$28,344,112,920 "
5/14/19,"$32,031,452,227 "
5/13/19,"$28,677,672,181 "
5/12/19,"$27,773,333,680 "
5/11/19,"$28,867,562,329 "
5/10/19,"$19,419,875,368 "
5/9/19,"$16,784,645,411 "
5/8/19,"$15,320,605,300 "
5/7/19,"$18,026,409,033 "
5/6/19,"$15,737,171,804 "
5/5/19,"$14,808,830,723 "
5/4/19,"$17,567,780,766 "
5/3/19,"$18,720,780,006 "
5/2/19,"$14,644,460,907 "
5/1/19,"$13,679,528,236 "
4/30/19,"$13,878,964,574 "
4/29/19,"$13,735,490,672 "
4/28/19,"$12,819,992,056 "
4/27/19,"$13,111,274,675 "
4/26/19,"$16,812,108,040 "
4/25/19,"$15,330,283,408 "
4/24/19,"$17,048,033,399 "
4/23/19,"$15,867,308,108 "
4/22/19,"$14,601,631,648 "
4/21/19,"$13,731,844,223 "
4/20/19,"$13,169,647,522 "
4/19/19,"$13,780,238,655 "
4/18/19,"$13,256,489,918 "
4/17/19,"$12,438,480,677 "
4/16/19,"$11,618,660,197 "
4/15/19,"$12,290,155,061 "
4/14/19,"$10,391,952,498 "
4/13/19,"$10,823,289,598 "
4/12/19,"$13,675,206,312 "
4/11/19,"$16,555,616,019 "
4/10/19,"$15,504,590,933 "
4/9/19,"$14,722,104,361 "
4/8/19,"$17,154,113,634 "
4/7/19,"$16,655,416,140 "
4/6/19,"$16,929,795,194 "
4/5/19,"$16,837,325,387 "
4/4/19,"$18,251,810,240 "
4/3/19,"$22,899,891,582 "
4/2/19,"$21,315,047,816 "
4/1/19,"$10,157,794,171 "
3/31/19,"$9,045,122,443 "
3/30/19,"$9,732,688,060 "
3/29/19,"$10,918,665,557 "
3/28/19,"$9,353,915,899 "
3/27/19,"$10,897,131,934 "
3/26/19,"$10,707,678,815 "
3/25/19,"$10,359,818,883 "
3/24/19,"$9,144,851,065 "
3/23/19,"$9,578,850,549 "
3/22/19,"$9,252,935,969 "
3/21/19,"$10,831,212,662 "
3/20/19,"$10,175,916,388 "
3/19/19,"$9,344,919,956 "
3/18/19,"$9,646,954,186 "
3/17/19,"$8,221,625,400 "
3/16/19,"$9,856,166,973 "
3/15/19,"$9,394,210,605 "
3/14/19,"$10,480,789,570 "
3/13/19,"$9,469,184,841 "
3/12/19,"$9,809,887,079 "
3/11/19,"$10,125,901,903 "
3/10/19,"$9,713,267,607 "
3/9/19,"$10,796,103,518 "
3/8/19,"$10,638,638,944 "
3/7/19,"$9,584,165,519 "
3/6/19,"$9,175,291,529 "
3/5/19,"$10,174,126,415 "
3/4/19,"$9,029,175,788 "
3/3/19,"$7,253,558,152 "
3/2/19,"$7,578,786,076 "
3/1/19,"$7,661,247,975 "
2/28/19,"$8,399,767,798 "
2/27/19,"$8,301,309,684 "
2/26/19,"$7,931,218,996 "
2/25/19,"$9,318,796,067 "
2/24/19,"$10,794,227,451 "
2/23/19,"$8,922,258,316 "
2/22/19,"$7,826,525,254 "
2/21/19,"$7,775,128,102 "
2/20/19,"$8,693,373,948 "
2/19/19,"$9,933,626,655 "
2/18/19,"$9,908,216,640 "
2/17/19,"$7,039,512,503 "
2/16/19,"$5,934,744,052 "
2/15/19,"$6,091,952,231 "
2/14/19,"$6,271,044,418 "
2/13/19,"$6,438,903,823 "
2/12/19,"$6,480,384,532 "
2/11/19,"$6,277,056,434 "
2/10/19,"$6,282,256,903 "
2/9/19,"$6,158,833,645 "
2/8/19,"$7,735,623,101 "
2/7/19,"$5,004,962,683 "
2/6/19,"$5,482,196,038 "
2/5/19,"$5,227,549,545 "
2/4/19,"$5,332,718,886 "
2/3/19,"$5,043,937,584 "
2/2/19,"$5,071,623,601 "
2/1/19,"$5,422,926,707 "
1/31/19,"$5,831,198,271 "
1/30/19,"$5,955,112,627 "
1/29/19,"$5,897,159,493 "
1/28/19,"$6,908,930,483 "
1/27/19,"$5,570,752,966 "
1/26/19,"$5,098,183,235 "
1/25/19,"$5,265,847,539 "
1/24/19,"$5,262,869,046 "
1/23/19,"$5,433,755,649 "
1/22/19,"$5,313,623,556 "
1/21/19,"$5,004,347,059 "
1/20/19,"$5,582,489,560 "
1/19/19,"$5,955,691,380 "
1/18/19,"$5,002,961,727 "
1/17/19,"$5,464,420,383 "
1/16/19,"$5,394,457,145 "
1/15/19,"$5,537,192,302 "
1/14/19,"$5,651,384,490 "
1/13/19,"$4,681,302,466 "
1/12/19,"$4,778,170,883 "
1/11/19,"$5,538,712,865 "
1/10/19,"$6,874,143,796 "
1/9/19,"$5,115,905,225 "
1/8/19,"$5,306,593,305 "
1/7/19,"$5,228,625,637 "
1/6/19,"$5,597,027,440 "
1/5/19,"$5,137,609,824 "
1/4/19,"$4,847,965,467 "
1/3/19,"$4,530,215,219 "
1/2/19,"$5,244,856,836 "
1/1/19,"$4,324,200,990 "
12/31/18,"$4,661,840,806 "
12/30/18,"$4,770,578,575 "
12/29/18,"$4,991,655,917 "
12/28/18,"$5,631,554,348 "
12/27/18,"$5,130,222,366 "
12/26/18,"$5,326,547,918 "
12/25/18,"$6,158,207,293 "
12/24/18,"$7,240,968,501 "
12/23/18,"$6,151,275,490 "
12/22/18,"$5,605,823,233 "
12/21/18,"$7,206,015,706 "
12/20/18,"$8,927,129,279 "
12/19/18,"$6,810,689,119 "
12/18/18,"$5,911,325,473 "
12/17/18,"$5,409,247,918 "
12/16/18,"$3,744,248,994 "
12/15/18,"$3,551,763,561 "
12/14/18,"$4,372,763,663 "
12/13/18,"$4,343,372,456 "
12/12/18,"$4,139,364,829 "
12/11/18,"$4,696,765,188 "
12/10/18,"$5,020,968,740 "
12/9/18,"$4,947,372,847 "
12/8/18,"$5,305,024,497 "
12/7/18,"$6,835,615,448 "
12/6/18,"$5,878,333,109 "
12/5/18,"$5,302,481,574 "
12/4/18,"$5,028,069,239 "
12/3/18,"$5,089,570,994 "
12/2/18,"$5,262,697,895 "
12/1/18,"$5,375,314,093 "
11/30/18,"$6,048,016,717 "
11/29/18,"$6,503,347,767 "
11/28/18,"$7,280,280,000 "
11/27/18,"$5,998,720,000 "
11/26/18,"$6,476,900,000 "
11/25/18,"$6,825,640,000 "
11/24/18,"$4,679,500,000 "
11/23/18,"$4,871,490,000 "
11/22/18,"$4,569,370,000 "
11/21/18,"$6,120,120,000 "
11/20/18,"$8,428,290,000 "
11/19/18,"$7,039,560,000 "
11/18/18,"$4,159,680,000 "
11/17/18,"$4,303,150,000 "
11/16/18,"$5,279,320,000 "
11/15/18,"$7,032,140,000 "
11/14/18,"$7,398,940,000 "
11/13/18,"$4,503,800,000 "
11/12/18,"$4,295,770,000 "
11/11/18,"$3,939,060,000 "
11/10/18,"$3,705,320,000 "
11/9/18,"$4,346,820,000 "
11/8/18,"$4,665,260,000 "
11/7/18,"$4,941,260,000 "
11/6/18,"$4,700,040,000 "
11/5/18,"$4,174,800,000 "
11/4/18,"$4,390,020,000 "
11/3/18,"$3,658,640,000 "
11/2/18,"$4,234,870,000 "
11/1/18,"$3,789,400,000 "
10/31/18,"$4,191,240,000 "
10/30/18,"$3,781,100,000 "
10/29/18,"$4,199,910,000 "
10/28/18,"$3,445,190,000 "
10/27/18,"$3,393,250,000 "
10/26/18,"$3,306,050,000 "
10/25/18,"$3,230,550,000 "
10/24/18,"$3,424,670,000 "
10/23/18,"$3,716,150,000 "
10/22/18,"$3,672,860,000 "
10/21/18,"$3,253,610,000 "
10/20/18,"$3,379,130,000 "
10/19/18,"$3,578,870,000 "
10/18/18,"$3,924,080,000 "
10/17/18,"$4,088,420,000 "
10/16/18,"$4,074,800,000 "
10/15/18,"$7,370,770,000 "
10/14/18,"$3,085,320,000 "
10/13/18,"$3,064,030,000 "
10/12/18,"$3,783,500,000 "
10/11/18,"$5,181,640,000 "
10/10/18,"$3,787,650,000 "
10/9/18,"$3,580,810,000 "
10/8/18,"$3,979,460,000 "
10/7/18,"$3,306,630,000 "
10/6/18,"$3,259,740,000 "
10/5/18,"$3,671,500,000 "
10/4/18,"$3,838,410,000 "
10/3/18,"$3,887,310,000 "
10/2/18,"$3,979,260,000 "
10/1/18,"$4,000,970,000 "
9/30/18,"$4,002,280,000 "
9/29/18,"$4,363,690,000 "
9/28/18,"$5,014,430,000 "
9/27/18,"$4,606,810,000 "
9/26/18,"$4,437,300,000 "
9/25/18,"$4,726,180,000 "
9/24/18,"$4,177,310,000 "
9/23/18,"$4,197,500,000 "
9/22/18,"$4,509,660,000 "
9/21/18,"$6,531,940,000 "
9/20/18,"$4,348,110,000 "
9/19/18,"$4,431,340,000 "
9/18/18,"$4,180,090,000 "
9/17/18,"$3,910,780,000 "
9/16/18,"$3,273,730,000 "
9/15/18,"$3,216,300,000 "
9/14/18,"$4,076,220,000 "
9/13/18,"$4,210,910,000 "
9/12/18,"$4,064,230,000 "
9/11/18,"$3,849,910,000 "
9/10/18,"$3,714,100,000 "
9/9/18,"$3,671,890,000 "
9/8/18,"$3,835,060,000 "
9/7/18,"$4,264,680,000 "
9/6/18,"$5,523,470,000 "
9/5/18,"$5,800,460,000 "
9/4/18,"$4,273,640,000 "
9/3/18,"$4,087,760,000 "
9/2/18,"$4,329,540,000 "
9/1/18,"$4,116,050,000 "
8/31/18,"$4,495,650,000 "
8/30/18,"$4,463,250,000 "
8/29/18,"$4,145,880,000 "
8/28/18,"$4,659,940,000 "
8/27/18,"$4,019,000,000 "
8/26/18,"$3,295,500,000 "
8/25/18,"$3,312,600,000 "
8/24/18,"$4,097,820,000 "
8/23/18,"$3,426,180,000 "
8/22/18,"$4,668,110,000 "
8/21/18,"$3,377,180,000 "
8/20/18,"$3,665,100,000 "
8/19/18,"$3,311,170,000 "
8/18/18,"$3,984,520,000 "
8/17/18,"$4,992,990,000 "
8/16/18,"$4,328,420,000 "
8/15/18,"$4,895,450,000 "
8/14/18,"$5,301,700,000 "
8/13/18,"$4,083,980,000 "
8/12/18,"$5,665,250,000 "
8/11/18,"$4,047,850,000 "
8/10/18,"$4,528,680,000 "
8/9/18,"$4,267,040,000 "
8/8/18,"$5,064,430,000 "
8/7/18,"$4,682,800,000 "
8/6/18,"$3,925,900,000 "
8/5/18,"$3,679,110,000 "
8/4/18,"$4,268,390,000 "
8/3/18,"$4,627,150,000 "
8/2/18,"$4,214,110,000 "
8/1/18,"$4,797,620,000 "
7/31/18,"$5,287,530,000 "
7/30/18,"$5,551,400,000 "
7/29/18,"$4,107,190,016 "
7/28/18,"$3,988,750,080 "
7/27/18,"$5,195,879,936 "
7/26/18,"$4,899,089,920 "
7/25/18,"$5,845,400,064 "
7/24/18,"$7,277,689,856 "
7/23/18,"$5,132,480,000 "
7/22/18,"$3,695,460,096 "
7/21/18,"$3,726,609,920 "
7/20/18,"$4,936,869,888 "
7/19/18,"$5,111,629,824 "
7/18/18,"$6,103,410,176 "
7/17/18,"$5,961,950,208 "
7/16/18,"$4,725,799,936 "
7/15/18,"$3,285,459,968 "
7/14/18,"$2,923,670,016 "
7/13/18,"$3,805,400,064 "
7/12/18,"$3,770,170,112 "
7/11/18,"$3,644,859,904 "
7/10/18,"$4,052,430,080 "
7/9/18,"$3,718,129,920 "
7/8/18,"$3,386,210,048 "
7/7/18,"$3,961,080,064 "
7/6/18,"$4,313,959,936 "
7/5/18,"$4,999,240,192 "
7/4/18,"$4,176,689,920 "
7/3/18,"$4,672,309,760 "
7/2/18,"$4,396,930,048 "
7/1/18,"$4,788,259,840 "
6/30/18,"$4,543,860,224 "
6/29/18,"$3,966,230,016 "
6/28/18,"$3,467,800,064 "
6/27/18,"$3,296,219,904 "
6/26/18,"$3,279,759,872 "
6/25/18,"$5,500,810,240 "
6/24/18,"$4,566,909,952 "
6/23/18,"$3,431,360,000 "
6/22/18,"$5,079,810,048 "
6/21/18,"$3,529,129,984 "
6/20/18,"$3,888,640,000 "
6/19/18,"$4,057,029,888 "
6/18/18,"$4,039,200,000 "
6/17/18,"$3,104,019,968 "
6/16/18,"$3,194,170,112 "
6/15/18,"$3,955,389,952 "
6/14/18,"$5,138,710,016 "
6/13/18,"$5,052,349,952 "
6/12/18,"$4,654,380,032 "
6/11/18,"$4,745,269,760 "
6/10/18,"$5,804,839,936 "
6/9/18,"$3,845,220,096 "
6/8/18,"$4,227,579,904 "
6/7/18,"$4,485,799,936 "
6/6/18,"$4,692,259,840 "
6/5/18,"$4,961,739,776 "
6/4/18,"$4,993,169,920 "
6/3/18,"$4,851,760,128 "
6/2/18,"$4,939,299,840 "
6/1/18,"$4,921,460,224 "
5/31/18,"$5,127,130,112 "
5/30/18,"$4,922,540,032 "
5/29/18,"$5,662,660,096 "
5/28/18,"$5,040,600,064 "
5/27/18,"$4,056,519,936 "
5/26/18,"$4,051,539,968 "
5/25/18,"$4,867,829,760 "
5/24/18,"$6,049,220,096 "
5/23/18,"$6,491,120,128 "
5/22/18,"$5,137,010,176 "
5/21/18,"$5,154,990,080 "
5/20/18,"$5,191,059,968 "
5/19/18,"$4,712,399,872 "
5/18/18,"$5,764,190,208 "
5/17/18,"$5,862,530,048 "
5/16/18,"$6,760,220,160 "
5/15/18,"$6,705,710,080 "
5/14/18,"$7,364,149,760 "
5/13/18,"$5,866,379,776 "
5/12/18,"$6,821,380,096 "
5/11/18,"$8,488,520,192 "
5/10/18,"$6,906,699,776 "
5/9/18,"$7,226,890,240 "
5/8/18,"$7,415,869,952 "
5/7/18,"$7,394,019,840 "
5/6/18,"$7,222,280,192 "
5/5/18,"$7,651,939,840 "
5/4/18,"$8,217,829,888 "
5/3/18,"$10,207,299,584 "
5/2/18,"$7,558,159,872 "
5/1/18,"$7,713,019,904 "
4/30/18,"$8,673,920,000 "
4/29/18,"$8,853,000,192 "
4/28/18,"$7,805,479,936 "
4/27/18,"$7,566,289,920 "
4/26/18,"$8,970,559,488 "
4/25/18,"$11,083,100,160 "
4/24/18,"$10,678,800,384 "
4/23/18,"$6,925,190,144 "
4/22/18,"$6,629,899,776 "
4/21/18,"$7,548,550,144 "
4/20/18,"$8,438,110,208 "
4/19/18,"$7,063,209,984 "
4/18/18,"$6,529,909,760 "
4/17/18,"$6,900,879,872 "
4/16/18,"$5,631,309,824 "
4/15/18,"$5,244,480,000 "
4/14/18,"$5,191,430,144 "
4/13/18,"$7,764,460,032 "
4/12/18,"$8,906,250,240 "
4/11/18,"$4,641,889,792 "
4/10/18,"$4,272,750,080 "
4/9/18,"$4,894,060,032 "
4/8/18,"$3,652,499,968 "
4/7/18,"$3,976,610,048 "
4/6/18,"$3,766,810,112 "
4/5/18,"$5,639,320,064 "
4/4/18,"$4,936,000,000 "
4/3/18,"$5,499,700,224 "
4/2/18,"$4,333,440,000 "
4/1/18,"$4,532,100,096 "
3/31/18,"$4,553,269,760 "
3/30/18,"$6,289,509,888 "
3/29/18,"$6,361,229,824 "
3/28/18,"$4,935,289,856 "
3/27/18,"$5,378,250,240 "
3/26/18,"$5,921,039,872 "
3/25/18,"$4,569,880,064 "
3/24/18,"$5,664,600,064 "
3/23/18,"$5,954,120,192 "
3/22/18,"$5,530,390,016 "
3/21/18,"$6,043,129,856 "
3/20/18,"$6,361,789,952 "
3/19/18,"$6,729,110,016 "
3/18/18,"$6,639,190,016 "
3/17/18,"$4,426,149,888 "
3/16/18,"$5,289,379,840 "
3/15/18,"$6,834,429,952 "
3/14/18,"$6,438,230,016 "
3/13/18,"$5,991,139,840 "
3/12/18,"$6,457,399,808 "
3/11/18,"$6,296,370,176 "
3/10/18,"$5,386,319,872 "
3/9/18,"$8,704,190,464 "
3/8/18,"$7,186,089,984 "
3/7/18,"$8,797,910,016 "
3/6/18,"$6,832,169,984 "
3/5/18,"$6,468,539,904 "
3/4/18,"$6,084,149,760 "
3/3/18,"$6,690,570,240 "
3/2/18,"$7,620,590,080 "
3/1/18,"$7,317,279,744 "
2/28/18,"$6,936,189,952 "
2/27/18,"$6,966,179,840 "
2/26/18,"$7,287,690,240 "
2/25/18,"$5,706,939,904 "
2/24/18,"$6,917,929,984 "
2/23/18,"$7,739,500,032 "
2/22/18,"$8,040,079,872 "
2/21/18,"$9,405,339,648 "
2/20/18,"$9,926,540,288 "
2/19/18,"$7,652,089,856 "
2/18/18,"$8,744,009,728 "
2/17/18,"$8,660,880,384 "
2/16/18,"$7,296,159,744 "
2/15/18,"$9,062,540,288 "
2/14/18,"$7,909,819,904 "
2/13/18,"$5,696,719,872 "
2/12/18,"$6,256,439,808 "
2/11/18,"$6,122,189,824 "
2/10/18,"$7,780,960,256 "
2/9/18,"$6,784,820,224 "
2/8/18,"$9,346,750,464 "
2/7/18,"$9,169,280,000 "
2/6/18,"$13,999,800,320 "
2/5/18,"$9,285,289,984 "
2/4/18,"$7,073,549,824 "
2/3/18,"$7,263,790,080 "
2/2/18,"$12,726,899,712 "
2/1/18,"$9,959,400,448 "
1/31/18,"$8,041,160,192 "
1/30/18,"$8,637,859,840 "
1/29/18,"$7,107,359,744 "
1/28/18,"$8,350,360,064 "
1/27/18,"$7,583,269,888 "
1/26/18,"$9,746,199,552 "
1/25/18,"$8,873,169,920 "
1/24/18,"$9,940,989,952 "
1/23/18,"$9,660,609,536 "
1/22/18,"$10,537,400,320 "
1/21/18,"$9,935,179,776 "
1/20/18,"$11,801,700,352 "
1/19/18,"$10,740,400,128 "
1/18/18,"$15,020,399,616 "
1/17/18,"$18,830,600,192 "
1/16/18,"$18,853,799,936 "
1/15/18,"$12,750,799,872 "
1/14/18,"$11,084,099,584 "
1/13/18,"$12,763,599,872 "
1/12/18,"$12,065,699,840 "
1/11/18,"$16,534,099,968 "
1/10/18,"$18,500,800,512 "
1/9/18,"$16,659,999,744 "
1/8/18,"$18,413,899,776 "
1/7/18,"$15,866,000,384 "
1/6/18,"$18,314,600,448 "
1/5/18,"$23,840,899,072 "
1/4/18,"$21,783,199,744 "
1/3/18,"$16,871,900,160 "
1/2/18,"$16,846,600,192 "
1/1/18,"$10,291,200,000 "
12/31/17,"$12,136,299,520 "
12/30/17,"$14,452,599,808 "
12/29/17,"$13,025,500,160 "
12/28/17,"$12,336,499,712 "
12/27/17,"$12,487,600,128 "
12/26/17,"$13,454,300,160 "
12/25/17,"$10,664,699,904 "
12/24/17,"$11,572,299,776 "
12/23/17,"$13,086,000,128 "
12/22/17,"$22,197,999,616 "
12/21/17,"$16,516,599,808 "
12/20/17,"$22,149,699,584 "
12/19/17,"$16,894,499,840 "
12/18/17,"$14,839,499,776 "
12/17/17,"$13,314,599,936 "
12/16/17,"$12,740,599,808 "
12/15/17,"$14,309,999,616 "
12/14/17,"$13,777,399,808 "
12/13/17,"$12,976,900,096 "
12/12/17,"$14,603,799,552 "
12/11/17,"$12,153,900,032 "
12/10/17,"$13,433,299,968 "
12/9/17,"$13,911,300,096 "
12/8/17,"$21,135,998,976 "
12/7/17,"$17,950,699,520 "
12/6/17,"$12,656,300,032 "
12/5/17,"$6,895,260,160 "
12/4/17,"$6,132,409,856 "
12/3/17,"$6,608,309,760 "
12/2/17,"$5,138,500,096 "
12/1/17,"$6,783,119,872 "
11/30/17,"$8,310,689,792 "
11/29/17,"$11,568,799,744 "
11/28/17,"$6,348,819,968 "
11/27/17,"$5,653,320,192 "
11/26/17,"$5,475,579,904 "
11/25/17,"$4,342,060,032 "
11/24/17,"$5,058,610,176 "
11/23/17,"$4,225,179,904 "
11/22/17,"$3,633,530,112 "
11/21/17,"$4,277,609,984 "
11/20/17,"$3,488,450,048 "
11/19/17,"$3,149,319,936 "
11/18/17,"$3,667,190,016 "
11/17/17,"$4,651,670,016 "
11/16/17,"$5,123,809,792 "
11/15/17,"$4,200,880,128 "
11/14/17,"$3,197,110,016 "
11/13/17,"$6,263,249,920 "
11/12/17,"$8,957,349,888 "
11/11/17,"$4,908,680,192 "
11/10/17,"$5,208,249,856 "
11/9/17,"$3,226,249,984 "
11/8/17,"$4,602,200,064 "
11/7/17,"$2,326,340,096 "
11/6/17,"$3,111,899,904 "
11/5/17,"$2,380,410,112 "
11/4/17,"$2,483,800,064 "
11/3/17,"$3,369,860,096 "
11/2/17,"$4,653,770,240 "
11/1/17,"$2,870,320,128 "
10/31/17,"$2,311,379,968 "
10/30/17,"$1,772,150,016 "
10/29/17,"$2,859,040,000 "
10/28/17,"$1,403,920,000 "
10/27/17,"$1,710,130,048 "
10/26/17,"$1,905,040,000 "
10/25/17,"$1,966,989,952 "
10/24/17,"$2,735,699,968 "
10/23/17,"$2,401,840,128 "
10/22/17,"$2,034,630,016 "
10/21/17,"$2,207,099,904 "
10/20/17,"$2,354,429,952 "
10/19/17,"$1,780,540,032 "
10/18/17,"$2,399,269,888 "
10/17/17,"$1,821,570,048 "
10/16/17,"$2,008,070,016 "
10/15/17,"$1,976,039,936 "
10/14/17,"$1,669,030,016 "
10/13/17,"$3,615,480,064 "
10/12/17,"$2,791,610,112 "
10/11/17,"$1,222,279,936 "
10/10/17,"$1,597,139,968 "
10/9/17,"$1,968,739,968 "
10/8/17,"$1,313,869,952 "
10/7/17,"$906,928,000 "
10/6/17,"$1,069,939,968 "
10/5/17,"$1,161,769,984 "
10/4/17,"$1,116,770,048 "
10/3/17,"$1,288,019,968 "
10/2/17,"$1,431,730,048 "
10/1/17,"$1,208,210,048 "
9/30/17,"$1,207,449,984 "
9/29/17,"$1,367,049,984 "
9/28/17,"$1,712,320,000 "
9/27/17,"$1,686,880,000 "
9/26/17,"$1,043,740,032 "
9/25/17,"$1,374,210,048 "
9/24/17,"$768,014,976 "
9/23/17,"$928,113,984 "
9/22/17,"$1,194,829,952 "
9/21/17,"$1,411,480,064 "
9/20/17,"$1,213,830,016 "
9/19/17,"$1,563,980,032 "
9/18/17,"$1,943,209,984 "
9/17/17,"$1,239,149,952 "
9/16/17,"$1,818,400,000 "
9/15/17,"$4,148,069,888 "
9/14/17,"$2,716,310,016 "
9/13/17,"$2,219,409,920 "
9/12/17,"$1,864,530,048 "
9/11/17,"$1,557,330,048 "
9/10/17,"$1,679,090,048 "
9/9/17,"$1,386,230,016 "
9/8/17,"$2,700,890,112 "
9/7/17,"$1,844,620,032 "
9/6/17,"$2,172,100,096 "
9/5/17,"$2,697,969,920 "
9/4/17,"$2,987,330,048 "
9/3/17,"$1,933,190,016 "
9/2/17,"$2,722,139,904 "
9/1/17,"$2,599,079,936 "
8/31/17,"$1,944,930,048 "
8/30/17,"$1,937,849,984 "
8/29/17,"$2,486,080,000 "
8/28/17,"$1,959,330,048 "
8/27/17,"$1,537,459,968 "
8/26/17,"$1,511,609,984 "
8/25/17,"$1,727,970,048 "
8/24/17,"$2,037,750,016 "
8/23/17,"$2,369,819,904 "
8/22/17,"$3,764,239,872 "
8/21/17,"$2,800,890,112 "
8/20/17,"$2,109,769,984 "
8/19/17,"$2,975,820,032 "
8/18/17,"$2,941,710,080 "
8/17/17,"$2,553,359,872 "
8/16/17,"$2,272,039,936 "
8/15/17,"$3,258,050,048 "
8/14/17,"$2,463,089,920 "
8/13/17,"$3,159,089,920 "
8/12/17,"$2,219,589,888 "
8/11/17,"$2,021,190,016 "
8/10/17,"$1,515,110,016 "
8/9/17,"$1,468,960,000 "
8/8/17,"$1,752,760,064 "
8/7/17,"$1,482,279,936 "
8/6/17,"$1,105,030,016 "
8/5/17,"$1,945,699,968 "
8/4/17,"$1,002,120,000 "
8/3/17,"$804,796,992 "
8/2/17,"$1,094,950,016 "
8/1/17,"$1,324,669,952 "
7/31/17,"$860,574,976 "
7/30/17,"$705,942,976 "
7/29/17,"$803,745,984 "
7/28/17,"$1,380,099,968 "
7/27/17,"$789,104,000 "
7/26/17,"$937,404,032 "
7/25/17,"$1,460,089,984 "
7/24/17,"$866,473,984 "
7/23/17,"$1,072,840,000 "
7/22/17,"$1,177,129,984 "
7/21/17,"$1,489,449,984 "
7/20/17,"$2,249,260,032 "
7/19/17,"$1,245,100,032 "
7/18/17,"$1,512,450,048 "
7/17/17,"$1,201,760,000 "
7/16/17,"$1,182,870,016 "
7/15/17,"$993,608,000 "
7/14/17,"$882,502,976 "
7/13/17,"$835,769,984 "
7/12/17,"$1,117,410,048 "
7/11/17,"$1,329,760,000 "
7/10/17,"$1,111,200,000 "
7/9/17,"$527,856,000 "
7/8/17,"$733,329,984 "
7/7/17,"$917,411,968 "
7/6/17,"$761,956,992 "
7/5/17,"$941,566,016 "
7/4/17,"$985,516,032 "
7/3/17,"$964,112,000 "
7/2/17,"$803,747,008 "
7/1/17,"$779,913,984 "
6/30/17,"$860,273,024 "
6/29/17,"$949,979,008 "
6/28/17,"$1,183,869,952 "
6/27/17,"$1,489,789,952 "
6/26/17,"$1,663,280,000 "
6/25/17,"$1,161,100,032 "
6/24/17,"$982,750,016 "
6/23/17,"$961,318,976 "
6/22/17,"$1,097,939,968 "
6/21/17,"$1,626,579,968 "
6/20/17,"$1,854,189,952 "
6/19/17,"$1,446,840,064 "
6/18/17,"$1,178,659,968 "
6/17/17,"$1,534,509,952 "
6/16/17,"$1,195,190,016 "
6/15/17,"$2,026,259,968 "
6/14/17,"$1,696,560,000 "
6/13/17,"$1,781,200,000 "
6/12/17,"$2,569,530,112 "
6/11/17,"$1,752,400,000 "
6/10/17,"$2,018,889,984 "
6/9/17,"$1,348,950,016 "
6/8/17,"$1,281,170,048 "
6/7/17,"$1,517,709,952 "
6/6/17,"$2,089,609,984 "
6/5/17,"$1,369,309,952 "
6/4/17,"$1,355,120,000 "
6/3/17,"$1,514,950,016 "
6/2/17,"$1,317,030,016 "
6/1/17,"$1,653,180,032 "
5/31/17,"$1,544,829,952 "
5/30/17,"$1,443,970,048 "
5/29/17,"$994,625,024 "
5/28/17,"$1,147,139,968 "
5/27/17,"$1,700,480,000 "
5/26/17,"$1,763,480,064 "
5/25/17,"$2,406,700,032 "
5/24/17,"$1,725,379,968 "
5/23/17,"$1,378,749,952 "
5/22/17,"$1,942,220,032 "
5/21/17,"$1,147,859,968 "
5/20/17,"$961,336,000 "
5/19/17,"$1,157,289,984 "
5/18/17,"$894,321,024 "
5/17/17,"$1,064,729,984 "
5/16/17,"$959,044,992 "
5/15/17,"$731,529,024 "
5/14/17,"$437,196,000 "
5/13/17,"$579,635,008 "
5/12/17,"$740,984,000 "
5/11/17,"$799,489,984 "
5/10/17,"$915,723,008 "
5/9/17,"$1,167,920,000 "
5/8/17,"$1,340,320,000 "
5/7/17,"$1,080,029,952 "
5/6/17,"$582,529,984 "
5/5/17,"$946,035,968 "
5/4/17,"$933,548,992 "
5/3/17,"$583,795,968 "
5/2/17,"$477,337,984 "
5/1/17,"$713,624,000 "
4/30/17,"$413,115,008 "
4/29/17,"$422,705,984 "
4/28/17,"$527,488,992 "
4/27/17,"$449,196,992 "
4/26/17,"$329,631,008 "
4/25/17,"$242,556,000 "
4/24/17,"$235,806,000 "
4/23/17,"$258,951,008 "
4/22/17,"$249,320,000 "
4/21/17,"$272,167,008 "
4/20/17,"$315,108,000 "
4/19/17,"$288,060,992 "
4/18/17,"$270,524,000 "
4/17/17,"$253,206,000 "
4/16/17,"$183,231,008 "
4/15/17,"$203,559,008 "
4/14/17,"$254,827,008 "
4/13/17,"$351,968,992 "
4/12/17,"$288,702,016 "
4/11/17,"$216,182,000 "
4/10/17,"$215,883,008 "
4/9/17,"$242,343,008 "
4/8/17,"$209,312,000 "
4/7/17,"$317,022,016 "
4/6/17,"$511,222,016 "
4/5/17,"$414,784,000 "
4/4/17,"$436,310,016 "
4/3/17,"$580,444,032 "
4/2/17,"$514,187,008 "
4/1/17,"$289,633,984 "
3/31/17,"$447,287,008 "
3/30/17,"$352,968,992 "
3/29/17,"$298,457,984 "
3/28/17,"$326,332,000 "
3/27/17,"$372,535,008 "
3/26/17,"$303,668,000 "
3/25/17,"$435,803,008 "
3/24/17,"$491,038,016 "
3/23/17,"$248,540,000 "
3/22/17,"$380,840,992 "
3/21/17,"$337,391,008 "
3/20/17,"$286,529,984 "
3/19/17,"$406,648,000 "
3/18/17,"$621,302,016 "
3/17/17,"$706,598,976 "
3/16/17,"$638,568,000 "
3/15/17,"$297,804,992 "
3/14/17,"$245,306,000 "
3/13/17,"$380,276,992 "
3/12/17,"$227,176,000 "
3/11/17,"$283,320,000 "
3/10/17,"$563,795,968 "
3/9/17,"$212,283,008 "
3/8/17,"$332,603,008 "
3/7/17,"$291,256,000 "
3/6/17,"$153,656,992 "
3/5/17,"$134,127,000 "
3/4/17,"$183,270,000 "
3/3/17,"$315,739,008 "
3/2/17,"$368,275,008 "
3/1/17,"$229,056,992 "
2/28/17,"$184,956,000 "
2/27/17,"$131,570,000 "
2/26/17,"$116,486,000 "
2/25/17,"$139,960,992 "
2/24/17,"$330,759,008 "
2/23/17,"$189,454,000 "
2/22/17,"$136,100,000 "
2/21/17,"$186,868,992 "
2/20/17,"$109,478,000 "
2/19/17,"$77,423,296 "
2/18/17,"$99,073,504 "
2/17/17,"$136,474,000 "
2/16/17,"$122,277,000 "
2/15/17,"$89,759,400 "
2/14/17,"$137,946,000 "
2/13/17,"$100,607,000 "
2/12/17,"$67,530,000 "
2/11/17,"$102,261,000 "
2/10/17,"$190,452,000 "
2/9/17,"$407,220,000 "
2/8/17,"$201,855,008 "
2/7/17,"$146,007,008 "
2/6/17,"$111,762,000 "
2/5/17,"$114,208,000 "
2/4/17,"$155,064,000 "
2/3/17,"$201,278,000 "
2/2/17,"$145,820,992 "
2/1/17,"$150,110,000 "
1/31/17,"$164,582,000 "
1/30/17,"$78,227,296 "
1/29/17,"$60,851,700 "
1/28/17,"$68,979,600 "
1/27/17,"$125,594,000 "
1/26/17,"$131,958,000 "
1/25/17,"$120,831,000 "
1/24/17,"$111,349,000 "
1/23/17,"$73,588,600 "
1/22/17,"$116,573,000 "
1/21/17,"$111,158,000 "
1/20/17,"$86,728,400 "
1/19/17,"$105,625,000 "
1/18/17,"$225,676,992 "
1/17/17,"$155,095,008 "
1/16/17,"$82,755,200 "
1/15/17,"$71,013,600 "
1/14/17,"$93,063,296 "
1/13/17,"$168,968,000 "
1/12/17,"$222,326,000 "
1/11/17,"$310,928,992 "
1/10/17,"$115,808,000 "
1/9/17,"$141,876,992 "
1/8/17,"$158,715,008 "
1/7/17,"$279,550,016 "
1/6/17,"$351,876,000 "
1/5/17,"$510,199,008 "
1/4/17,"$344,945,984 "
1/3/17,"$185,168,000 "
1/2/17,"$222,184,992 "
1/1/17,"$147,775,008 "
12/31/16,"$99,135,104 "
12/30/16,"$187,474,000 "
12/29/16,"$199,320,000 "
12/28/16,"$236,630,000 "
12/27/16,"$167,308,000 "
12/26/16,"$123,771,000 "
12/25/16,"$143,664,992 "
12/24/16,"$137,727,008 "
12/23/16,"$275,564,000 "
12/22/16,"$200,027,008 "
12/21/16,"$155,576,000 "
12/20/16,"$99,629,296 "
12/19/16,"$74,886,400 "
12/18/16,"$60,524,400 "
12/17/16,"$78,989,800 "
12/16/16,"$83,608,200 "
12/15/16,"$81,580,096 "
12/14/16,"$75,979,000 "
12/13/16,"$81,645,600 "
12/12/16,"$76,571,000 "
12/11/16,"$57,313,400 "
12/10/16,"$53,843,100 "
12/9/16,"$68,705,296 "
12/8/16,"$80,111,904 "
12/7/16,"$96,426,096 "
12/6/16,"$116,218,000 "
12/5/16,"$106,363,000 "
12/4/16,"$60,557,900 "
12/3/16,"$69,547,296 "
12/2/16,"$127,605,000 "
12/1/16,"$80,461,904 "
11/30/16,"$84,070,800 "
11/29/16,"$68,511,104 "
11/28/16,"$61,888,600 "
11/27/16,"$52,601,800 "
11/26/16,"$54,962,700 "
11/25/16,"$67,807,600 "
11/24/16,"$85,919,296 "
11/23/16,"$76,543,800 "
11/22/16,"$129,906,000 "
11/21/16,"$60,802,400 "
11/20/16,"$154,116,000 "
11/19/16,"$110,608,000 "
11/18/16,"$87,363,104 "
11/17/16,"$108,579,000 "
11/16/16,"$141,294,000 "
11/15/16,"$72,038,496 "
11/14/16,"$62,993,000 "
11/13/16,"$80,318,096 "
11/12/16,"$64,622,500 "
11/11/16,"$63,119,700 "
11/10/16,"$68,807,800 "
11/9/16,"$132,429,000 "
11/8/16,"$79,660,800 "
11/7/16,"$65,047,100 "
11/6/16,"$59,902,200 "
11/5/16,"$53,752,300 "
11/4/16,"$99,907,696 "
11/3/16,"$172,808,000 "
11/2/16,"$84,865,200 "
11/1/16,"$130,527,000 "
10/31/16,"$97,064,400 "
10/30/16,"$100,665,000 "
10/29/16,"$134,760,992 "
10/28/16,"$81,145,504 "
10/27/16,"$96,105,296 "
10/26/16,"$88,877,104 "
10/25/16,"$90,378,800 "
10/24/16,"$62,218,200 "
10/23/16,"$54,474,600 "
10/22/16,"$78,556,496 "
10/21/16,"$55,951,000 "
10/20/16,"$56,957,300 "
10/19/16,"$69,381,696 "
10/18/16,"$65,546,700 "
10/17/16,"$58,063,600 "
10/16/16,"$40,298,100 "
10/15/16,"$39,035,400 "
10/14/16,"$58,144,600 "
10/13/16,"$61,620,700 "
10/12/16,"$92,370,200 "
10/11/16,"$103,590,000 "
10/10/16,"$67,481,104 "
10/9/16,"$39,243,400 "
10/8/16,"$42,345,900 "
10/7/16,"$64,071,400 "
10/6/16,"$56,812,100 "
10/5/16,"$68,077,504 "
10/4/16,"$49,801,600 "
10/3/16,"$46,798,300 "
10/2/16,"$39,249,800 "
10/1/16,"$56,357,000 "
9/30/16,"$56,122,400 "
9/29/16,"$55,658,600 "
9/28/16,"$48,722,600 "
9/27/16,"$49,422,400 "
9/26/16,"$59,153,800 "
9/25/16,"$33,977,800 "
9/24/16,"$35,359,500 "
9/23/16,"$51,067,000 "
9/22/16,"$67,085,300 "
9/21/16,"$82,776,200 "
9/20/16,"$72,710,896 "
9/19/16,"$54,796,400 "
9/18/16,"$48,679,400 "
9/17/16,"$37,140,300 "
9/16/16,"$64,963,400 "
9/15/16,"$59,464,600 "
9/14/16,"$47,877,700 "
9/13/16,"$86,920,600 "
9/12/16,"$72,812,304 "
9/11/16,"$73,610,800 "
9/10/16,"$45,016,800 "
9/9/16,"$64,550,200 "
9/8/16,"$86,713,000 "
9/7/16,"$75,032,400 "
9/6/16,"$78,529,104 "
9/5/16,"$82,446,800 "
9/4/16,"$97,942,896 "
9/3/16,"$159,014,000 "
9/2/16,"$79,910,800 "
9/1/16,"$76,923,400 "
8/31/16,"$75,840,896 "
8/30/16,"$70,342,400 "
8/29/16,"$110,398,000 "
8/28/16,"$86,301,600 "
8/27/16,"$59,698,300 "
8/26/16,"$48,856,800 "
8/25/16,"$136,130,000 "
8/24/16,"$56,328,200 "
8/23/16,"$85,349,200 "
8/22/16,"$72,844,000 "
8/21/16,"$38,299,400 "
8/20/16,"$45,301,400 "
8/19/16,"$50,631,600 "
8/18/16,"$59,896,600 "
8/17/16,"$54,443,000 "
8/16/16,"$58,405,200 "
8/15/16,"$57,262,300 "
8/14/16,"$60,851,100 "
8/13/16,"$43,563,000 "
8/12/16,"$69,218,000 "
8/11/16,"$74,514,400 "
8/10/16,"$102,905,000 "
8/9/16,"$92,228,096 "
8/8/16,"$61,194,100 "
8/7/16,"$82,398,400 "
8/6/16,"$80,797,296 "
8/5/16,"$66,127,900 "
8/4/16,"$125,292,000 "
8/3/16,"$207,982,000 "
8/2/16,"$330,932,992 "
8/1/16,"$121,887,000 "
7/31/16,"$110,818,000 "
7/30/16,"$38,456,100 "
7/29/16,"$60,703,500 "
7/28/16,"$86,428,400 "
7/27/16,"$147,460,992 "
7/26/16,"$225,135,008 "
7/25/16,"$78,176,496 "
7/24/16,"$118,184,000 "
7/23/16,"$69,532,200 "
7/22/16,"$134,169,000 "
7/21/16,"$60,491,800 "
7/20/16,"$94,636,400 "
7/19/16,"$61,203,300 "
7/18/16,"$69,465,000 "
7/17/16,"$74,407,904 "
7/16/16,"$50,330,200 "
7/15/16,"$81,673,104 "
7/14/16,"$98,511,400 "
7/13/16,"$131,449,000 "
7/12/16,"$138,172,992 "
7/11/16,"$107,910,000 "
7/10/16,"$102,532,000 "
7/9/16,"$180,536,000 "
7/8/16,"$141,970,000 "
7/7/16,"$258,091,008 "
7/6/16,"$134,960,992 "
7/5/16,"$130,476,000 "
7/4/16,"$92,008,400 "
7/3/16,"$129,512,000 "
7/2/16,"$112,354,000 "
7/1/16,"$134,431,008 "
6/30/16,"$138,980,000 "
6/29/16,"$142,456,000 "
6/28/16,"$138,384,992 "
6/27/16,"$122,134,000 "
6/26/16,"$109,225,000 "
6/25/16,"$126,656,000 "
6/24/16,"$224,316,992 "
6/23/16,"$253,462,000 "
6/22/16,"$266,392,992 "
6/21/16,"$309,944,000 "
6/20/16,"$174,511,008 "
6/19/16,"$136,184,992 "
6/18/16,"$252,718,000 "
6/17/16,"$363,320,992 "
6/16/16,"$271,633,984 "
6/15/16,"$99,223,800 "
6/14/16,"$186,694,000 "
6/13/16,"$243,295,008 "
6/12/16,"$277,084,992 "
6/11/16,"$82,357,000 "
6/10/16,"$66,991,900 "
6/9/16,"$71,301,000 "
6/8/16,"$80,265,800 "
6/7/16,"$107,770,000 "
6/6/16,"$72,138,896 "
6/5/16,"$68,874,096 "
6/4/16,"$94,925,296 "
6/3/16,"$122,020,000 "
6/2/16,"$60,378,200 "
6/1/16,"$86,061,800 "
5/31/16,"$138,450,000 "
5/30/16,"$87,958,704 "
5/29/16,"$148,736,992 "
5/28/16,"$181,199,008 "
5/27/16,"$164,780,992 "
5/26/16,"$65,203,800 "
5/25/16,"$65,231,000 "
5/24/16,"$65,783,100 "
5/23/16,"$50,582,500 "
5/22/16,"$39,657,600 "
5/21/16,"$42,762,300 "
5/20/16,"$81,987,904 "
5/19/16,"$96,027,400 "
5/18/16,"$86,850,096 "
5/17/16,"$64,100,300 "
5/16/16,"$59,171,500 "
5/15/16,"$28,514,000 "
5/14/16,"$37,209,000 "
5/13/16,"$60,845,000 "
5/12/16,"$59,849,300 "
5/11/16,"$50,605,200 "
5/10/16,"$58,956,100 "
5/9/16,"$55,493,100 "
5/8/16,"$40,315,000 "
5/7/16,"$38,364,500 "
5/6/16,"$72,796,800 "
5/5/16,"$50,440,800 "
5/4/16,"$50,407,300 "
5/3/16,"$59,366,400 "
5/2/16,"$92,127,000 "
5/1/16,"$40,660,100 "
4/30/16,"$69,322,600 "
4/29/16,"$49,258,500 "
4/28/16,"$74,064,704 "
4/27/16,"$93,564,896 "
4/26/16,"$78,971,904 "
4/25/16,"$87,091,800 "
4/24/16,"$68,198,400 "
4/23/16,"$50,485,400 "
4/22/16,"$58,804,400 "
4/21/16,"$68,204,704 "
4/20/16,"$72,890,096 "
4/19/16,"$52,810,500 "
4/18/16,"$55,670,900 "
4/17/16,"$52,125,900 "
4/16/16,"$39,392,800 "
4/15/16,"$54,801,500 "
4/14/16,"$45,281,000 "
4/13/16,"$69,060,400 "
4/12/16,"$70,728,800 "
4/11/16,"$50,747,500 "
4/10/16,"$73,478,600 "
4/9/16,"$49,792,700 "
4/8/16,"$63,454,700 "
4/7/16,"$57,858,600 "
4/6/16,"$59,091,000 "
4/5/16,"$60,718,000 "
4/4/16,"$50,634,300 "
4/3/16,"$38,053,700 "
4/2/16,"$45,681,200 "
4/1/16,"$51,235,700 "
3/31/16,"$60,215,200 "
3/30/16,"$66,034,100 "
3/29/16,"$75,411,504 "
3/28/16,"$68,522,800 "
3/27/16,"$71,229,400 "
3/26/16,"$44,650,400 "
3/25/16,"$52,560,000 "
3/24/16,"$68,346,704 "
3/23/16,"$61,444,200 "
3/22/16,"$66,813,300 "
3/21/16,"$61,655,400 "
3/20/16,"$45,947,900 "
3/19/16,"$58,423,000 "
3/18/16,"$104,940,000 "
3/17/16,"$83,528,600 "
3/16/16,"$65,185,800 "
3/15/16,"$66,781,700 "
3/14/16,"$95,259,400 "
3/13/16,"$74,322,800 "
3/12/16,"$92,712,896 "
3/11/16,"$73,969,696 "
3/10/16,"$81,022,896 "
3/9/16,"$70,012,304 "
3/8/16,"$70,311,696 "
3/7/16,"$85,762,400 "
3/6/16,"$91,212,496 "
3/5/16,"$135,384,992 "
3/4/16,"$90,856,096 "
3/3/16,"$100,484,000 "
3/2/16,"$74,955,296 "
3/1/16,"$74,895,800 "
2/29/16,"$60,694,700 "
2/28/16,"$53,033,400 "
2/27/16,"$41,893,600 "
2/26/16,"$61,486,000 "
2/25/16,"$70,798,000 "
2/24/16,"$67,743,696 "
2/23/16,"$85,244,896 "
2/22/16,"$85,385,200 "
2/21/16,"$89,820,704 "
2/20/16,"$93,992,096 "
2/19/16,"$55,711,300 "
2/18/16,"$76,752,600 "
2/17/16,"$83,193,600 "
2/16/16,"$73,093,104 "
2/15/16,"$74,070,496 "
2/14/16,"$74,469,800 "
2/13/16,"$61,911,700 "
2/12/16,"$67,042,800 "
2/11/16,"$74,375,600 "
2/10/16,"$85,130,896 "
2/9/16,"$55,318,500 "
2/8/16,"$47,671,100 "
2/7/16,"$37,076,300 "
2/6/16,"$49,249,300 "
2/5/16,"$43,825,000 "
2/4/16,"$69,285,504 "
2/3/16,"$45,933,400 "
2/2/16,"$40,378,700 "
2/1/16,"$51,656,700 "
1/31/16,"$37,894,300 "
1/30/16,"$30,284,400 "
1/29/16,"$86,125,296 "
1/28/16,"$59,247,900 "
1/27/16,"$47,424,400 "
1/26/16,"$58,147,000 "
1/25/16,"$59,062,400 "
1/24/16,"$54,824,800 "
1/23/16,"$56,247,400 "
1/22/16,"$91,546,600 "
1/21/16,"$68,338,000 "
1/20/16,"$121,720,000 "
1/19/16,"$46,819,800 "
1/18/16,"$54,403,900 "
1/17/16,"$45,319,600 "
1/16/16,"$120,352,000 "
1/15/16,"$153,351,008 "
1/14/16,"$43,945,500 "
1/13/16,"$173,888,000 "
1/12/16,"$115,607,000 "
1/11/16,"$40,450,000 "
1/10/16,"$35,995,900 "
1/9/16,"$32,278,000 "
1/8/16,"$56,993,000 "
1/7/16,"$87,562,200 "
1/6/16,"$34,042,500 "
1/5/16,"$34,522,600 "
1/4/16,"$38,477,500 "
1/3/16,"$39,633,800 "
1/2/16,"$30,096,600 "
1/1/16,"$36,278,900 "
12/31/15,"$45,996,600 "
12/30/15,"$46,889,400 "
12/29/15,"$51,596,500 "
12/28/15,"$49,638,600 "
12/27/15,"$53,591,200 "
12/26/15,"$116,166,000 "
12/25/15,"$39,078,500 "
12/24/15,"$57,157,200 "
12/23/15,"$47,161,400 "
12/22/15,"$50,840,400 "
12/21/15,"$77,639,696 "
12/20/15,"$75,409,400 "
12/19/15,"$47,892,700 "
12/18/15,"$60,220,100 "
12/17/15,"$47,978,400 "
12/16/15,"$107,944,000 "
12/15/15,"$83,121,104 "
12/14/15,"$130,496,000 "
12/13/15,"$55,050,600 "
12/12/15,"$131,969,000 "
12/11/15,"$110,944,000 "
12/10/15,"$52,138,900 "
12/9/15,"$90,917,200 "
12/8/15,"$57,801,400 "
12/7/15,"$63,455,800 "
12/6/15,"$77,762,000 "
12/5/15,"$66,282,200 "
12/4/15,"$35,784,100 "
12/3/15,"$50,714,900 "
12/2/15,"$54,160,500 "
12/1/15,"$60,452,200 "
11/30/15,"$71,701,600 "
11/29/15,"$40,409,300 "
11/28/15,"$36,816,600 "
11/27/15,"$55,179,100 "
11/26/15,"$106,105,000 "
11/25/15,"$41,666,900 "
11/24/15,"$29,362,600 "
11/23/15,"$27,478,900 "
11/22/15,"$23,439,400 "
11/21/15,"$28,200,500 "
11/20/15,"$53,152,900 "
11/19/15,"$45,011,100 "
11/18/15,"$43,783,800 "
11/17/15,"$51,001,600 "
11/16/15,"$47,980,100 "
11/15/15,"$44,213,100 "
11/14/15,"$38,612,000 "
11/13/15,"$52,003,000 "
11/12/15,"$78,477,800 "
11/11/15,"$107,070,000 "
11/10/15,"$95,797,904 "
11/9/15,"$68,224,400 "
11/8/15,"$51,817,600 "
11/7/15,"$56,625,100 "
11/6/15,"$122,687,000 "
11/5/15,"$151,824,992 "
11/4/15,"$263,900,000 "
11/3/15,"$206,162,000 "
11/2/15,"$101,918,000 "
11/1/15,"$37,001,100 "
10/31/15,"$48,598,100 "
10/30/15,"$78,305,000 "
10/29/15,"$64,495,900 "
10/28/15,"$50,808,100 "
10/27/15,"$46,331,800 "
10/26/15,"$32,108,800 "
10/25/15,"$45,717,100 "
10/24/15,"$25,942,400 "
10/23/15,"$29,442,500 "
10/22/15,"$37,808,600 "
10/21/15,"$25,637,300 "
10/20/15,"$30,889,800 "
10/19/15,"$25,258,800 "
10/18/15,"$22,434,300 "
10/17/15,"$43,199,600 "
10/16/15,"$35,901,500 "
10/15/15,"$25,223,500 "
10/14/15,"$27,462,600 "
10/13/15,"$28,198,500 "
10/12/15,"$17,388,300 "
10/11/15,"$16,827,300 "
10/10/15,"$15,912,700 "
10/9/15,"$17,353,100 "
10/8/15,"$18,515,300 "
10/7/15,"$22,999,200 "
10/6/15,"$27,535,100 "
10/5/15,"$23,335,900 "
10/4/15,"$12,999,000 "
10/3/15,"$16,482,700 "
10/2/15,"$19,677,900 "
10/1/15,"$20,488,800 "
9/30/15,"$19,743,500 "
9/29/15,"$22,691,300 "
9/28/15,"$24,713,000 "
9/27/15,"$14,179,900 "
9/26/15,"$13,724,100 "
9/25/15,"$22,363,600 "
9/24/15,"$25,097,800 "
9/23/15,"$17,254,100 "
9/22/15,"$25,009,300 "
9/21/15,"$19,678,800 "
9/20/15,"$14,444,700 "
9/19/15,"$12,712,600 "
9/18/15,"$20,242,200 "
9/17/15,"$18,935,400 "
9/16/15,"$20,144,200 "
9/15/15,"$19,177,800 "
9/14/15,"$20,997,800 "
9/13/15,"$18,478,800 "
9/12/15,"$17,962,600 "
9/11/15,"$19,224,700 "
9/10/15,"$21,215,500 "
9/9/15,"$23,635,700 "
9/8/15,"$26,879,200 "
9/7/15,"$21,192,200 "
9/6/15,"$25,473,700 "
9/5/15,"$20,671,400 "
9/4/15,"$20,962,400 "
9/3/15,"$17,482,000 "
9/2/15,"$18,760,400 "
9/1/15,"$20,575,200 "
8/31/15,"$20,710,700 "
8/30/15,"$19,412,600 "
8/29/15,"$17,142,500 "
8/28/15,"$31,336,600 "
8/27/15,"$21,905,400 "
8/26/15,"$31,808,000 "
8/25/15,"$61,089,200 "
8/24/15,"$59,220,700 "
8/23/15,"$18,406,600 "
8/22/15,"$23,205,900 "
8/21/15,"$23,173,800 "
8/20/15,"$32,275,000 "
8/19/15,"$60,869,200 "
8/18/15,"$42,147,200 "
8/17/15,"$21,617,900 "
8/16/15,"$29,717,000 "
8/15/15,"$19,321,100 "
8/14/15,"$27,091,200 "
8/13/15,"$27,685,500 "
8/12/15,"$26,815,400 "
8/11/15,"$25,433,900 "
8/10/15,"$20,979,400 "
8/9/15,"$23,789,600 "
8/8/15,"$58,533,000 "
8/7/15,"$42,484,800 "
8/6/15,"$18,792,100 "
8/5/15,"$20,128,000 "
8/4/15,"$21,908,700 "
8/3/15,"$21,474,100 "
8/2/15,"$17,722,200 "
8/1/15,"$18,995,000 "
7/31/15,"$23,629,100 "
7/30/15,"$21,635,800 "
7/29/15,"$24,672,600 "
7/28/15,"$25,453,600 "
7/27/15,"$30,592,000 "
7/26/15,"$16,032,300 "
7/25/15,"$20,662,200 "
7/24/15,"$37,199,400 "
7/23/15,"$18,531,300 "
7/22/15,"$19,389,800 "
7/21/15,"$22,930,700 "
7/20/15,"$22,711,400 "
7/19/15,"$15,332,500 "
7/18/15,"$25,187,100 "
7/17/15,"$27,591,400 "
7/16/15,"$49,482,600 "
7/15/15,"$27,486,600 "
7/14/15,"$28,727,200 "
7/13/15,"$62,053,900 "
7/12/15,"$56,405,000 "
7/11/15,"$41,109,900 "
7/10/15,"$100,390,000 "
7/9/15,"$40,301,200 "
7/8/15,"$36,980,200 "
7/7/15,"$28,857,600 "
7/6/15,"$49,154,800 "
7/5/15,"$44,156,100 "
7/4/15,"$15,620,400 "
7/3/15,"$19,033,800 "
7/2/15,"$21,551,900 "
7/1/15,"$27,029,800 "
6/30/15,"$44,533,800 "
6/29/15,"$34,742,900 "
6/28/15,"$15,137,600 "
6/27/15,"$20,488,600 "
6/26/15,"$13,983,500 "
6/25/15,"$16,133,100 "
6/24/15,"$17,344,900 "
6/23/15,"$15,108,700 "
6/22/15,"$17,692,500 "
6/21/15,"$10,600,900 "
6/20/15,"$20,608,100 "
6/19/15,"$23,965,300 "
6/18/15,"$30,980,200 "
6/17/15,"$43,858,400 "
6/16/15,"$41,612,000 "
6/15/15,"$19,912,100 "
6/14/15,"$12,165,900 "
6/13/15,"$13,305,300 "
6/12/15,"$14,017,700 "
6/11/15,"$14,416,000 "
6/10/15,"$15,904,800 "
6/9/15,"$28,353,100 "
6/8/15,"$23,378,400 "
6/7/15,"$13,318,400 "
6/6/15,"$11,131,500 "
6/5/15,"$18,056,500 "
6/4/15,"$14,728,100 "
6/3/15,"$17,752,400 "
6/2/15,"$20,459,000 "
6/1/15,"$26,090,500 "
5/31/15,"$14,730,800 "
5/30/15,"$14,098,600 "
5/29/15,"$14,805,000 "
5/28/15,"$13,829,600 "
5/27/15,"$18,837,000 "
5/26/15,"$16,425,000 "
5/25/15,"$14,423,900 "
5/24/15,"$11,508,000 "
5/23/15,"$14,605,000 "
5/22/15,"$27,003,000 "
5/21/15,"$15,108,900 "
5/20/15,"$15,499,400 "
5/19/15,"$14,241,900 "
5/18/15,"$16,780,300 "
5/17/15,"$11,134,300 "
5/16/15,"$11,089,700 "
5/15/15,"$16,329,400 "
5/14/15,"$24,413,700 "
5/13/15,"$27,180,100 "
5/12/15,"$19,282,600 "
5/11/15,"$20,892,300 "
5/10/15,"$15,019,100 "
5/9/15,"$19,790,500 "
5/8/15,"$27,445,500 "
5/7/15,"$29,064,400 "
5/6/15,"$29,587,200 "
5/5/15,"$23,929,100 "
5/4/15,"$21,223,400 "
5/3/15,"$18,494,100 "
5/2/15,"$12,535,500 "
5/1/15,"$18,815,300 "
4/30/15,"$33,818,600 "
4/29/15,"$18,936,500 "
4/28/15,"$21,469,200 "
4/27/15,"$38,574,000 "
4/26/15,"$28,943,700 "
4/25/15,"$13,957,200 "
4/24/15,"$21,448,700 "
4/23/15,"$17,036,000 "
4/22/15,"$23,847,900 "
4/21/15,"$24,978,000 "
4/20/15,"$18,364,700 "
4/19/15,"$15,021,500 "
4/18/15,"$12,939,000 "
4/17/15,"$20,429,800 "
4/16/15,"$24,805,400 "
4/15/15,"$22,562,000 "
4/14/15,"$31,719,000 "
4/13/15,"$31,181,800 "
4/12/15,"$12,387,900 "
4/11/15,"$16,365,200 "
4/10/15,"$28,882,000 "
4/9/15,"$21,643,500 "
4/8/15,"$30,086,400 "
4/7/15,"$18,467,400 "
4/6/15,"$20,034,200 "
4/5/15,"$19,649,200 "
4/4/15,"$12,493,500 "
4/3/15,"$23,146,600 "
4/2/15,"$26,272,600 "
4/1/15,"$22,877,200 "
3/31/15,"$22,672,000 "
3/30/15,"$23,009,600 "
3/29/15,"$21,699,400 "
3/28/15,"$16,040,900 "
3/27/15,"$17,274,900 "
3/26/15,"$25,730,000 "
3/25/15,"$35,866,900 "
3/24/15,"$40,073,700 "
3/23/15,"$22,811,900 "
3/22/15,"$18,438,100 "
3/21/15,"$17,130,100 "
3/20/15,"$18,456,700 "
3/19/15,"$52,732,000 "
3/18/15,"$57,008,000 "
3/17/15,"$21,497,200 "
3/16/15,"$21,516,100 "
3/15/15,"$11,970,100 "
3/14/15,"$22,612,300 "
3/13/15,"$31,421,500 "
3/12/15,"$32,585,200 "
3/11/15,"$33,963,900 "
3/10/15,"$67,770,800 "
3/9/15,"$59,178,200 "
3/8/15,"$22,067,900 "
3/7/15,"$17,825,900 "
3/6/15,"$28,918,900 "
3/5/15,"$41,302,400 "
3/4/15,"$41,383,000 "
3/3/15,"$50,461,300 "
3/2/15,"$40,465,700 "
3/1/15,"$25,213,700 "
2/28/15,"$13,949,300 "
2/27/15,"$44,013,900 "
2/26/15,"$13,619,400 "
2/25/15,"$11,496,200 "
2/24/15,"$14,200,400 "
2/23/15,"$16,400,000 "
2/22/15,"$19,527,000 "
2/21/15,"$12,284,200 "
2/20/15,"$23,876,700 "
2/19/15,"$18,270,500 "
2/18/15,"$25,200,800 "
2/17/15,"$27,363,100 "
2/16/15,"$28,153,700 "
2/15/15,"$56,552,400 "
2/14/15,"$49,732,500 "
2/13/15,"$42,744,400 "
2/12/15,"$15,206,200 "
2/11/15,"$17,201,900 "
2/10/15,"$21,115,100 "
2/9/15,"$27,791,300 "
2/8/15,"$17,145,200 "
2/7/15,"$21,604,200 "
2/6/15,"$24,435,300 "
2/5/15,"$22,516,400 "
2/4/15,"$26,594,300 "
2/3/15,"$40,783,700 "
2/2/15,"$30,612,100 "
2/1/15,"$29,128,500 "
1/31/15,"$23,348,200 "
1/30/15,"$26,605,200 "
1/29/15,"$32,213,400 "
1/28/15,"$44,352,200 "
1/27/15,"$44,399,000 "
1/26/15,"$106,794,000 "
1/25/15,"$33,582,700 "
1/24/15,"$24,782,500 "
1/23/15,"$24,621,700 "
1/22/15,"$33,544,600 "
1/21/15,"$29,924,600 "
1/20/15,"$24,051,100 "
1/19/15,"$18,658,300 "
1/18/15,"$30,085,100 "
1/17/15,"$23,469,700 "
1/16/15,"$38,421,000 "
1/15/15,"$81,773,504 "
1/14/15,"$97,638,704 "
1/13/15,"$72,843,904 "
1/12/15,"$18,880,300 "
1/11/15,"$18,200,800 "
1/10/15,"$15,264,300 "
1/9/15,"$18,718,600 "
1/8/15,"$19,982,500 "
1/7/15,"$24,866,800 "
1/6/15,"$23,245,700 "
1/5/15,"$43,962,800 "
1/4/15,"$55,629,100 "
1/3/15,"$33,054,400 "
1/2/15,"$7,860,650 "
1/1/15,"$8,036,550 "
12/31/14,"$13,942,900 "
12/30/14,"$12,528,300 "
12/29/14,"$12,302,500 "
12/28/14,"$11,676,600 "
12/27/14,"$15,185,200 "
12/26/14,"$16,410,500 "
12/25/14,"$9,883,640 "
12/24/14,"$15,092,300 "
12/23/14,"$16,574,200 "
12/22/14,"$22,315,100 "
12/21/14,"$15,207,600 "
12/20/14,"$20,856,700 "
12/19/14,"$23,823,100 "
12/18/14,"$39,173,000 "
12/17/14,"$37,567,900 "
12/16/14,"$30,864,900 "
12/15/14,"$17,264,200 "
12/14/14,"$12,415,200 "
12/13/14,"$11,675,900 "
12/12/14,"$16,989,800 "
12/11/14,"$32,431,300 "
12/10/14,"$16,427,700 "
12/9/14,"$32,915,500 "
12/8/14,"$18,898,700 "
12/7/14,"$6,491,650 "
12/6/14,"$7,009,320 "
12/5/14,"$15,181,800 "
12/4/14,"$14,529,600 "
12/3/14,"$13,340,100 "
12/2/14,"$12,364,100 "
12/1/14,"$11,763,000 "
11/30/14,"$9,194,440 "
11/29/14,"$15,375,600 "
11/28/14,"$22,946,500 "
11/27/14,"$8,748,030 "
11/26/14,"$18,601,700 "
11/25/14,"$25,442,200 "
11/24/14,"$30,930,100 "
11/23/14,"$15,151,600 "
11/22/14,"$15,273,000 "
11/21/14,"$29,850,100 "
11/20/14,"$25,233,200 "
11/19/14,"$18,931,800 "
11/18/14,"$32,222,500 "
11/17/14,"$41,518,800 "
11/16/14,"$11,905,600 "
11/15/14,"$15,727,500 "
11/14/14,"$29,589,200 "
11/13/14,"$58,945,000 "
11/12/14,"$45,783,200 "
11/11/14,"$15,838,900 "
11/10/14,"$30,450,100 "
11/9/14,"$24,205,600 "
11/8/14,"$8,535,470 "
11/7/14,"$16,834,200 "
11/6/14,"$18,797,000 "
11/5/14,"$19,817,200 "
11/4/14,"$15,655,500 "
11/3/14,"$12,948,500 "
11/2/14,"$8,603,620 "
11/1/14,"$16,677,200 "
10/31/14,"$12,545,400 "
10/30/14,"$30,177,900 "
10/29/14,"$18,192,700 "
10/28/14,"$7,845,880 "
10/27/14,"$13,033,000 "
10/26/14,"$11,272,500 "
10/25/14,"$18,127,500 "
10/24/14,"$15,585,700 "
10/23/14,"$26,456,900 "
10/22/14,"$11,641,300 "
10/21/14,"$14,188,900 "
10/20/14,"$16,419,000 "
10/19/14,"$5,914,570 "
10/18/14,"$11,416,800 "
10/17/14,"$13,600,700 "
10/16/14,"$26,990,000 "
10/15/14,"$25,267,100 "
10/14/14,"$38,491,500 "
10/13/14,"$35,221,400 "
10/12/14,"$17,552,800 "
10/11/14,"$13,345,200 "
10/10/14,"$43,665,700 "
10/9/14,"$83,641,104 "
10/8/14,"$54,736,300 "
10/7/14,"$49,199,900 "
10/6/14,"$79,011,800 "
10/5/14,"$83,308,096 "
10/4/14,"$47,236,500 "
10/3/14,"$30,901,200 "
10/2/14,"$21,777,700 "
10/1/14,"$26,229,400 "
9/30/14,"$34,707,300 "
9/29/14,"$32,497,700 "
9/28/14,"$23,613,300 "
9/27/14,"$15,029,300 "
9/26/14,"$21,460,800 "
9/25/14,"$26,814,400 "
9/24/14,"$30,627,700 "
9/23/14,"$45,099,500 "
9/22/14,"$24,127,600 "
9/21/14,"$26,580,100 "
9/20/14,"$36,863,600 "
9/19/14,"$37,919,700 "
9/18/14,"$34,483,200 "
9/17/14,"$21,056,800 "
9/16/14,"$16,797,300 "
9/15/14,"$15,345,200 "
9/14/14,"$13,105,500 "
9/13/14,"$15,588,000 "
9/12/14,"$15,437,200 "
9/11/14,"$16,852,900 "
9/10/14,"$22,787,800 "
9/9/14,"$21,447,800 "
9/8/14,"$30,238,000 "
9/7/14,"$8,994,050 "
9/6/14,"$10,601,400 "
9/5/14,"$15,302,500 "
9/4/14,"$26,081,400 "
9/3/14,"$13,342,200 "
9/2/14,"$23,337,900 "
9/1/14,"$20,432,000 "
8/31/14,"$44,632,300 "
8/30/14,"$9,424,070 "
8/29/14,"$17,624,800 "
8/28/14,"$19,862,000 "
8/27/14,"$22,648,500 "
8/26/14,"$23,235,100 "
8/25/14,"$18,356,700 "
8/24/14,"$19,441,700 "
8/23/14,"$25,171,900 "
8/22/14,"$36,563,900 "
8/21/14,"$49,444,200 "
8/20/14,"$46,527,600 "
8/19/14,"$38,422,400 "
8/18/14,"$50,783,800 "
8/17/14,"$24,300,900 "
8/16/14,"$22,832,500 "
8/15/14,"$25,598,300 "
8/14/14,"$35,803,900 "
8/13/14,"$25,777,500 "
8/12/14,"$13,978,200 "
8/11/14,"$14,764,200 "
8/10/14,"$7,555,310 "
8/9/14,"$7,922,070 "
8/8/14,"$11,072,000 "
8/7/14,"$11,131,400 "
8/6/14,"$14,497,900 "
8/5/14,"$10,790,800 "
8/4/14,"$9,867,570 "
8/3/14,"$9,917,990 "
8/2/14,"$8,359,080 "
8/1/14,"$18,215,900 "
7/31/14,"$22,467,900 "
7/30/14,"$14,898,800 "
7/29/14,"$11,275,400 "
7/28/14,"$19,316,400 "
7/27/14,"$7,774,230 "
7/26/14,"$10,752,900 "
7/25/14,"$12,279,500 "
7/24/14,"$20,917,200 "
7/23/14,"$11,056,600 "
7/22/14,"$9,602,880 "
7/21/14,"$10,711,900 "
7/20/14,"$5,760,120 "
7/19/14,"$7,222,030 "
7/18/14,"$14,158,100 "
7/17/14,"$16,576,700 "
7/16/14,"$13,182,400 "
7/15/14,"$10,873,200 "
7/14/14,"$12,706,800 "
7/13/14,"$11,291,000 "
7/12/14,"$13,329,000 "
7/11/14,"$16,467,100 "
7/10/14,"$15,880,700 "
7/9/14,"$9,819,150 "
7/8/14,"$10,005,500 "
7/7/14,"$17,813,600 "
7/6/14,"$10,080,000 "
7/5/14,"$9,105,940 "
7/4/14,"$22,237,200 "
7/3/14,"$18,949,000 "
7/2/14,"$25,768,200 "
7/1/14,"$38,446,300 "
6/30/14,"$46,422,400 "
6/29/14,"$8,897,470 "
6/28/14,"$13,398,100 "
6/27/14,"$20,814,600 "
6/26/14,"$14,655,900 "
6/25/14,"$20,687,700 "
6/24/14,"$14,144,900 "
6/23/14,"$14,053,800 "
6/22/14,"$10,877,700 "
6/21/14,"$9,256,290 "
6/20/14,"$18,134,100 "
6/19/14,"$12,803,800 "
6/18/14,"$17,862,000 "
6/17/14,"$18,597,300 "
6/16/14,"$28,677,500 "
6/15/14,"$23,580,900 "
6/14/14,"$38,481,200 "
6/13/14,"$35,700,700 "
6/12/14,"$50,818,800 "
6/11/14,"$25,163,800 "
6/10/14,"$17,913,400 "
6/9/14,"$19,065,400 "
6/8/14,"$8,614,190 "
6/7/14,"$15,855,300 "
6/6/14,"$18,680,100 "
6/5/14,"$29,621,300 "
6/4/14,"$37,731,500 "
6/3/14,"$40,653,700 "
6/2/14,"$45,450,200 "
6/1/14,"$45,259,100 "
5/31/14,"$15,107,100 "
5/30/14,"$31,985,400 "
5/29/14,"$18,707,800 "
5/28/14,"$19,289,000 "
5/27/14,"$38,032,000 "
5/26/14,"$29,959,800 "
5/25/14,"$47,010,300 "
5/24/14,"$11,499,300 "
5/23/14,"$34,934,700 "
5/22/14,"$33,086,500 "
5/21/14,"$14,626,000 "
5/20/14,"$40,327,500 "
5/19/14,"$6,242,620 "
5/18/14,"$2,857,830 "
5/17/14,"$2,945,790 "
5/16/14,"$6,475,100 "
5/15/14,"$7,362,980 "
5/14/14,"$9,472,960 "
5/13/14,"$7,682,670 "
5/12/14,"$7,383,770 "
5/11/14,"$12,251,700 "
5/10/14,"$6,682,600 "
5/9/14,"$10,347,900 "
5/8/14,"$9,446,580 "
5/7/14,"$18,332,200 "
5/6/14,"$12,507,300 "
5/5/14,"$10,004,800 "
5/4/14,"$5,621,260 "
5/3/14,"$9,849,640 "
5/2/14,"$10,394,200 "
5/1/14,"$12,871,800 "
4/30/14,"$15,244,900 "
4/29/14,"$16,401,400 "
4/28/14,"$23,876,600 "
4/27/14,"$10,949,500 "
4/26/14,"$12,214,600 "
4/25/14,"$46,856,500 "
4/24/14,"$13,009,400 "
4/23/14,"$9,814,530 "
4/22/14,"$11,670,900 "
4/21/14,"$15,171,400 "
4/20/14,"$12,103,100 "
4/19/14,"$19,588,200 "
4/18/14,"$19,042,400 "
4/17/14,"$34,025,500 "
4/16/14,"$56,480,100 "
4/15/14,"$49,561,000 "
4/14/14,"$50,730,200 "
4/13/14,"$22,493,500 "
4/12/14,"$19,226,500 "
4/11/14,"$62,562,800 "
4/10/14,"$55,868,300 "
4/9/14,"$13,204,400 "
4/8/14,"$10,921,600 "
4/7/14,"$15,616,600 "
4/6/14,"$10,241,400 "
4/5/14,"$13,404,500 "
4/4/14,"$22,925,500 "
4/3/14,"$40,765,500 "
4/2/14,"$49,647,600 "
4/1/14,"$35,685,800 "
3/31/14,"$28,254,000 "
3/30/14,"$42,958,300 "
3/29/14,"$11,147,100 "
3/28/14,"$58,828,300 "
3/27/14,"$62,225,400 "
3/26/14,"$16,401,100 "
3/25/14,"$14,020,100 "
3/24/14,"$22,706,900 "
3/23/14,"$9,288,400 "
3/22/14,"$17,360,700 "
3/21/14,"$38,414,100 "
3/20/14,"$20,572,900 "
3/19/14,"$14,228,900 "
3/18/14,"$24,011,500 "
3/17/14,"$14,648,200 "
3/16/14,"$5,277,290 "
3/15/14,"$4,342,080 "
3/14/14,"$11,913,800 "
3/13/14,"$11,634,900 "
3/12/14,"$18,621,200 "
3/11/14,"$11,732,500 "
3/10/14,"$20,639,800 "
3/9/14,"$15,396,500 "
3/8/14,"$18,654,200 "
3/7/14,"$34,150,800 "
3/6/14,"$16,068,100 "
3/5/14,"$22,461,900 "
3/4/14,"$55,344,600 "
3/3/14,"$96,056,896 "
3/2/14,"$7,950,760 "
3/1/14,"$18,668,100 "
2/28/14,"$28,076,100 "
2/27/14,"$25,540,800 "
2/26/14,"$64,642,700 "
2/25/14,"$126,314,000 "
2/24/14,"$57,893,900 "
2/23/14,"$31,434,400 "
2/22/14,"$31,254,000 "
2/21/14,"$47,308,100 "
2/20/14,"$46,905,000 "
2/19/14,"$13,897,800 "
2/18/14,"$20,015,100 "
2/17/14,"$31,948,400 "
2/16/14,"$40,061,700 "
2/15/14,"$26,709,200 "
2/14/14,"$102,506,000 "
2/13/14,"$38,588,100 "
2/12/14,"$25,367,600 "
2/11/14,"$72,745,200 "
2/10/14,"$112,758,000 "
2/9/14,"$39,311,400 "
2/8/14,"$38,742,600 "
2/7/14,"$113,643,000 "
2/6/14,"$50,108,700 "
2/5/14,"$22,395,100 "
2/4/14,"$16,609,700 "
2/3/14,"$13,940,100 "
2/2/14,"$11,300,900 "
2/1/14,"$19,668,700 "
1/31/14,"$17,107,900 "
1/30/14,"$29,918,200 "
1/29/14,"$17,984,400 "
1/28/14,"$44,875,500 "
1/27/14,"$49,233,600 "
1/26/14,"$32,224,300 "
1/25/14,"$24,303,900 "
1/24/14,"$34,912,000 "
1/23/14,"$15,607,100 "
1/22/14,"$18,453,700 "
1/21/14,"$18,997,300 "
1/20/14,"$27,652,700 "
1/19/14,"$24,365,700 "
1/18/14,"$18,052,700 "
1/17/14,"$39,031,700 "
1/16/14,"$19,149,300 "
1/15/14,"$28,107,200 "
1/14/14,"$20,829,800 "
1/13/14,"$45,580,900 "
1/12/14,"$39,623,500 "
1/11/14,"$44,754,200 "
1/10/14,"$31,876,800 "
1/9/14,"$59,998,600 "
1/8/14,"$74,175,600 "
1/7/14,"$81,311,696 "
1/6/14,"$85,565,696 "
1/5/14,"$72,898,496 "
1/4/14,"$38,005,000 "
1/3/14,"$37,810,100 "
1/2/14,"$38,489,500 "
1/1/14,"$22,489,400 "
12/31/13,"$20,897,300 "
12/30/13,"$20,707,700 "
12/29/13,"$19,011,300 "
12/28/13,"$32,505,800 "
12/27/13,"$46,862,700 "
12/26/13,$0 
12/25/13,$0 
12/24/13,$0 
12/23/13,$0 
12/22/13,$0 
12/21/13,$0 
12/20/13,$0 
12/19/13,$0 
12/18/13,$0 
12/17/13,$0 
12/16/13,$0 
12/15/13,$0 
12/14/13,$0 
12/13/13,$0 
12/12/13,$0 
12/11/13,$0 
12/10/13,$0 
12/9/13,$0 
12/8/13,$0 
12/7/13,$0 
12/6/13,$0 
12/5/13,$0 
12/4/13,$0 
12/3/13,$0 
12/2/13,$0 
12/1/13,$0 
11/30/13,$0 
11/29/13,$0 
11/28/13,$0 
11/27/13,$0 
11/26/13,$0 
11/25/13,$0 
11/24/13,$0 
11/23/13,$0 
11/22/13,$0 
11/21/13,$0 
11/20/13,$0 
11/19/13,$0 
11/18/13,$0 
11/17/13,$0 
11/16/13,$0 
11/15/13,$0 
11/14/13,$0 
11/13/13,$0 
11/12/13,$0 
11/11/13,$0 
11/10/13,$0 
11/9/13,$0 
11/8/13,$0 
11/7/13,$0 
11/6/13,$0 
11/5/13,$0 
11/4/13,$0 
11/3/13,$0 
11/2/13,$0 
11/1/13,$0 
10/31/13,$0 
10/30/13,$0 
10/29/13,$0 
10/28/13,$0 
10/27/13,$0 
10/26/13,$0 
10/25/13,$0 
10/24/13,$0 
10/23/13,$0 
10/22/13,$0 
10/21/13,$0 
10/20/13,$0 
10/19/13,$0 
10/18/13,$0 
10/17/13,$0 
10/16/13,$0 
10/15/13,$0 
10/14/13,$0 
10/13/13,$0 
10/12/13,$0 
10/11/13,$0 
10/10/13,$0 
10/9/13,$0 
10/8/13,$0 
10/7/13,$0 
10/6/13,$0 
10/5/13,$0 
10/4/13,$0 
10/3/13,$0 
10/2/13,$0 
10/1/13,$0 
9/30/13,$0 
9/29/13,$0 
9/28/13,$0 
9/27/13,$0 
9/26/13,$0 
9/25/13,$0 
9/24/13,$0 
9/23/13,$0 
9/22/13,$0 
9/21/13,$0 
9/20/13,$0 
9/19/13,$0 
9/18/13,$0 
9/17/13,$0 
9/16/13,$0 
9/15/13,$0 
9/14/13,$0 
9/13/13,$0 
9/12/13,$0 
9/11/13,$0 
9/10/13,$0 
9/9/13,$0 
9/8/13,$0 
9/7/13,$0 
9/6/13,$0 
9/5/13,$0 
9/4/13,$0 
9/3/13,$0 
9/2/13,$0 
9/1/13,$0 
8/31/13,$0 
8/30/13,$0 
8/29/13,$0 
8/28/13,$0 
8/27/13,$0 
8/26/13,$0 
8/25/13,$0 
8/24/13,$0 
8/23/13,$0 
8/22/13,$0 
8/21/13,$0 
8/20/13,$0 
8/19/13,$0 
8/18/13,$0 
8/17/13,$0 
8/16/13,$0 
8/15/13,$0 
8/14/13,$0 
8/13/13,$0 
8/12/13,$0 
8/11/13,$0 
8/10/13,$0 
8/9/13,$0 
8/8/13,$0 
8/7/13,$0 
8/6/13,$0 
8/5/13,$0 
8/4/13,$0 
8/3/13,$0 
8/2/13,$0 
8/1/13,$0 
7/31/13,$0 
7/30/13,$0 
7/29/13,$0 
7/28/13,$0 
7/27/13,$0 
7/26/13,$0 
7/25/13,$0 
7/24/13,$0 
7/23/13,$0 
7/22/13,$0 
7/21/13,$0 
7/20/13,$0 
7/19/13,$0 
7/18/13,$0 
7/17/13,$0 
7/16/13,$0 
7/15/13,$0 
7/14/13,$0 
7/13/13,$0 
7/12/13,$0 
7/11/13,$0 
7/10/13,$0 
7/9/13,$0 
7/8/13,$0 
7/7/13,$0 
7/6/13,$0 
7/5/13,$0 
7/4/13,$0 
7/3/13,$0 
7/2/13,$0 
7/1/13,$0 
6/30/13,$0 
6/29/13,$0 
6/28/13,$0 
6/27/13,$0 
6/26/13,$0 
6/25/13,$0 
6/24/13,$0 
6/23/13,$0 
6/22/13,$0 
6/21/13,$0 
6/20/13,$0 
6/19/13,$0 
6/18/13,$0 
6/17/13,$0 
6/16/13,$0 
6/15/13,$0 
6/14/13,$0 
6/13/13,$0 
6/12/13,$0 
6/11/13,$0 
6/10/13,$0 
6/9/13,$0 
6/8/13,$0 
6/7/13,$0 
6/6/13,$0 
6/5/13,$0 
6/4/13,$0 
6/3/13,$0 
6/2/13,$0 
6/1/13,$0 
5/31/13,$0 
5/30/13,$0 
5/29/13,$0 
5/28/13,$0 
5/27/13,$0 
5/26/13,$0 
5/25/13,$0 
5/24/13,$0 
5/23/13,$0 
5/22/13,$0 
5/21/13,$0 
5/20/13,$0 
5/19/13,$0 
5/18/13,$0 
5/17/13,$0 
5/16/13,$0 
5/15/13,$0 
5/14/13,$0 
5/13/13,$0 
5/12/13,$0 
5/11/13,$0 
5/10/13,$0 
5/9/13,$0 
5/8/13,$0 
5/7/13,$0 
5/6/13,$0 
5/5/13,$0 
5/4/13,$0 
5/3/13,$0 
5/2/13,$0 
5/1/13,$0 
4/30/13,$0 
4/29/13,
4/29/13,$0 