,Volume,Type
2013-04-28,0,BTC
2013-04-29,0,BTC
2013-04-30,0,BTC
2013-05-01,0,BTC
2013-05-02,0,BTC
2013-05-03,0,BTC
2013-05-04,0,BTC
2013-05-05,0,BTC
2013-05-06,0,BTC
2013-05-07,0,BTC
2013-05-08,0,BTC
2013-05-09,0,BTC
2013-05-10,0,BTC
2013-05-11,0,BTC
2013-05-12,0,BTC
2013-05-13,0,BTC
2013-05-14,0,BTC
2013-05-15,0,BTC
2013-05-16,0,BTC
2013-05-17,0,BTC
2013-05-18,0,BTC
2013-05-19,0,BTC
2013-05-20,0,BTC
2013-05-21,0,BTC
2013-05-22,0,BTC
2013-05-23,0,BTC
2013-05-24,0,BTC
2013-05-25,0,BTC
2013-05-26,0,BTC
2013-05-27,0,BTC
2013-05-28,0,BTC
2013-05-29,0,BTC
2013-05-30,0,BTC
2013-05-31,0,BTC
2013-06-01,0,BTC
2013-06-02,0,BTC
2013-06-03,0,BTC
2013-06-04,0,BTC
2013-06-05,0,BTC
2013-06-06,0,BTC
2013-06-07,0,BTC
2013-06-08,0,BTC
2013-06-09,0,BTC
2013-06-10,0,BTC
2013-06-11,0,BTC
2013-06-12,0,BTC
2013-06-13,0,BTC
2013-06-14,0,BTC
2013-06-15,0,BTC
2013-06-16,0,BTC
2013-06-17,0,BTC
2013-06-18,0,BTC
2013-06-19,0,BTC
2013-06-20,0,BTC
2013-06-21,0,BTC
2013-06-22,0,BTC
2013-06-23,0,BTC
2013-06-24,0,BTC
2013-06-25,0,BTC
2013-06-26,0,BTC
2013-06-27,0,BTC
2013-06-28,0,BTC
2013-06-29,0,BTC
2013-06-30,0,BTC
2013-07-01,0,BTC
2013-07-02,0,BTC
2013-07-03,0,BTC
2013-07-04,0,BTC
2013-07-05,0,BTC
2013-07-06,0,BTC
2013-07-07,0,BTC
2013-07-08,0,BTC
2013-07-09,0,BTC
2013-07-10,0,BTC
2013-07-11,0,BTC
2013-07-12,0,BTC
2013-07-13,0,BTC
2013-07-14,0,BTC
2013-07-15,0,BTC
2013-07-16,0,BTC
2013-07-17,0,BTC
2013-07-18,0,BTC
2013-07-19,0,BTC
2013-07-20,0,BTC
2013-07-21,0,BTC
2013-07-22,0,BTC
2013-07-23,0,BTC
2013-07-24,0,BTC
2013-07-25,0,BTC
2013-07-26,0,BTC
2013-07-27,0,BTC
2013-07-28,0,BTC
2013-07-29,0,BTC
2013-07-30,0,BTC
2013-07-31,0,BTC
2013-08-01,0,BTC
2013-08-02,0,BTC
2013-08-03,0,BTC
2013-08-04,0,BTC
2013-08-05,0,BTC
2013-08-06,0,BTC
2013-08-07,0,BTC
2013-08-08,0,BTC
2013-08-09,0,BTC
2013-08-10,0,BTC
2013-08-11,0,BTC
2013-08-12,0,BTC
2013-08-13,0,BTC
2013-08-14,0,BTC
2013-08-15,0,BTC
2013-08-16,0,BTC
2013-08-17,0,BTC
2013-08-18,0,BTC
2013-08-19,0,BTC
2013-08-20,0,BTC
2013-08-21,0,BTC
2013-08-22,0,BTC
2013-08-23,0,BTC
2013-08-24,0,BTC
2013-08-25,0,BTC
2013-08-26,0,BTC
2013-08-27,0,BTC
2013-08-28,0,BTC
2013-08-29,0,BTC
2013-08-30,0,BTC
2013-08-31,0,BTC
2013-09-01,0,BTC
2013-09-02,0,BTC
2013-09-03,0,BTC
2013-09-04,0,BTC
2013-09-05,0,BTC
2013-09-06,0,BTC
2013-09-07,0,BTC
2013-09-08,0,BTC
2013-09-09,0,BTC
2013-09-10,0,BTC
2013-09-11,0,BTC
2013-09-12,0,BTC
2013-09-13,0,BTC
2013-09-14,0,BTC
2013-09-15,0,BTC
2013-09-16,0,BTC
2013-09-17,0,BTC
2013-09-18,0,BTC
2013-09-19,0,BTC
2013-09-20,0,BTC
2013-09-21,0,BTC
2013-09-22,0,BTC
2013-09-23,0,BTC
2013-09-24,0,BTC
2013-09-25,0,BTC
2013-09-26,0,BTC
2013-09-27,0,BTC
2013-09-28,0,BTC
2013-09-29,0,BTC
2013-09-30,0,BTC
2013-10-01,0,BTC
2013-10-02,0,BTC
2013-10-03,0,BTC
2013-10-04,0,BTC
2013-10-05,0,BTC
2013-10-06,0,BTC
2013-10-07,0,BTC
2013-10-08,0,BTC
2013-10-09,0,BTC
2013-10-10,0,BTC
2013-10-11,0,BTC
2013-10-12,0,BTC
2013-10-13,0,BTC
2013-10-14,0,BTC
2013-10-15,0,BTC
2013-10-16,0,BTC
2013-10-17,0,BTC
2013-10-18,0,BTC
2013-10-19,0,BTC
2013-10-20,0,BTC
2013-10-21,0,BTC
2013-10-22,0,BTC
2013-10-23,0,BTC
2013-10-24,0,BTC
2013-10-25,0,BTC
2013-10-26,0,BTC
2013-10-27,0,BTC
2013-10-28,0,BTC
2013-10-29,0,BTC
2013-10-30,0,BTC
2013-10-31,0,BTC
2013-11-01,0,BTC
2013-11-02,0,BTC
2013-11-03,0,BTC
2013-11-04,0,BTC
2013-11-05,0,BTC
2013-11-06,0,BTC
2013-11-07,0,BTC
2013-11-08,0,BTC
2013-11-09,0,BTC
2013-11-10,0,BTC
2013-11-11,0,BTC
2013-11-12,0,BTC
2013-11-13,0,BTC
2013-11-14,0,BTC
2013-11-15,0,BTC
2013-11-16,0,BTC
2013-11-17,0,BTC
2013-11-18,0,BTC
2013-11-19,0,BTC
2013-11-20,0,BTC
2013-11-21,0,BTC
2013-11-22,0,BTC
2013-11-23,0,BTC
2013-11-24,0,BTC
2013-11-25,0,BTC
2013-11-26,0,BTC
2013-11-27,0,BTC
2013-11-28,0,BTC
2013-11-29,0,BTC
2013-11-30,0,BTC
2013-12-01,0,BTC
2013-12-02,0,BTC
2013-12-03,0,BTC
2013-12-04,0,BTC
2013-12-05,0,BTC
2013-12-06,0,BTC
2013-12-07,0,BTC
2013-12-08,0,BTC
2013-12-09,0,BTC
2013-12-10,0,BTC
2013-12-11,0,BTC
2013-12-12,0,BTC
2013-12-13,0,BTC
2013-12-14,0,BTC
2013-12-15,0,BTC
2013-12-16,0,BTC
2013-12-17,0,BTC
2013-12-18,0,BTC
2013-12-19,0,BTC
2013-12-20,0,BTC
2013-12-21,0,BTC
2013-12-22,0,BTC
2013-12-23,0,BTC
2013-12-24,0,BTC
2013-12-25,0,BTC
2013-12-26,0,BTC
2013-12-27,46862700,BTC
2013-12-28,32505800,BTC
2013-12-29,19011300,BTC
2013-12-30,20707700,BTC
2013-12-31,20897300,BTC
2014-01-01,22489400,BTC
2014-01-02,38489500,BTC
2014-01-03,37810100,BTC
2014-01-04,38005000,BTC
2014-01-05,72898496,BTC
2014-01-06,85565696,BTC
2014-01-07,81311696,BTC
2014-01-08,74175600,BTC
2014-01-09,59998600,BTC
2014-01-10,31876800,BTC
2014-01-11,44754200,BTC
2014-01-12,39623500,BTC
2014-01-13,45580900,BTC
2014-01-14,20829800,BTC
2014-01-15,28107200,BTC
2014-01-16,19149300,BTC
2014-01-17,39031700,BTC
2014-01-18,18052700,BTC
2014-01-19,24365700,BTC
2014-01-20,27652700,BTC
2014-01-21,18997300,BTC
2014-01-22,18453700,BTC
2014-01-23,15607100,BTC
2014-01-24,34912000,BTC
2014-01-25,24303900,BTC
2014-01-26,32224300,BTC
2014-01-27,49233600,BTC
2014-01-28,44875500,BTC
2014-01-29,17984400,BTC
2014-01-30,29918200,BTC
2014-01-31,17107900,BTC
2014-02-01,19668700,BTC
2014-02-02,11300900,BTC
2014-02-03,13940100,BTC
2014-02-04,16609700,BTC
2014-02-05,22395100,BTC
2014-02-06,50108700,BTC
2014-02-07,113643000,BTC
2014-02-08,38742600,BTC
2014-02-09,39311400,BTC
2014-02-10,112758000,BTC
2014-02-11,72745200,BTC
2014-02-12,25367600,BTC
2014-02-13,38588100,BTC
2014-02-14,102506000,BTC
2014-02-15,26709200,BTC
2014-02-16,40061700,BTC
2014-02-17,31948400,BTC
2014-02-18,20015100,BTC
2014-02-19,13897800,BTC
2014-02-20,46905000,BTC
2014-02-21,47308100,BTC
2014-02-22,31254000,BTC
2014-02-23,31434400,BTC
2014-02-24,57893900,BTC
2014-02-25,126314000,BTC
2014-02-26,64642700,BTC
2014-02-27,25540800,BTC
2014-02-28,28076100,BTC
2014-03-01,18668100,BTC
2014-03-02,7950760,BTC
2014-03-03,96056896,BTC
2014-03-04,55344600,BTC
2014-03-05,22461900,BTC
2014-03-06,16068100,BTC
2014-03-07,34150800,BTC
2014-03-08,18654200,BTC
2014-03-09,15396500,BTC
2014-03-10,20639800,BTC
2014-03-11,11732500,BTC
2014-03-12,18621200,BTC
2014-03-13,11634900,BTC
2014-03-14,11913800,BTC
2014-03-15,4342080,BTC
2014-03-16,5277290,BTC
2014-03-17,14648200,BTC
2014-03-18,24011500,BTC
2014-03-19,14228900,BTC
2014-03-20,20572900,BTC
2014-03-21,38414100,BTC
2014-03-22,17360700,BTC
2014-03-23,9288400,BTC
2014-03-24,22706900,BTC
2014-03-25,14020100,BTC
2014-03-26,16401100,BTC
2014-03-27,62225400,BTC
2014-03-28,58828300,BTC
2014-03-29,11147100,BTC
2014-03-30,42958300,BTC
2014-03-31,28254000,BTC
2014-04-01,35685800,BTC
2014-04-02,49647600,BTC
2014-04-03,40765500,BTC
2014-04-04,22925500,BTC
2014-04-05,13404500,BTC
2014-04-06,10241400,BTC
2014-04-07,15616600,BTC
2014-04-08,10921600,BTC
2014-04-09,13204400,BTC
2014-04-10,55868300,BTC
2014-04-11,62562800,BTC
2014-04-12,19226500,BTC
2014-04-13,22493500,BTC
2014-04-14,50730200,BTC
2014-04-15,49561000,BTC
2014-04-16,56480100,BTC
2014-04-17,34025500,BTC
2014-04-18,19042400,BTC
2014-04-19,19588200,BTC
2014-04-20,12103100,BTC
2014-04-21,15171400,BTC
2014-04-22,11670900,BTC
2014-04-23,9814530,BTC
2014-04-24,13009400,BTC
2014-04-25,46856500,BTC
2014-04-26,12214600,BTC
2014-04-27,10949500,BTC
2014-04-28,23876600,BTC
2014-04-29,16401400,BTC
2014-04-30,15244900,BTC
2014-05-01,12871800,BTC
2014-05-02,10394200,BTC
2014-05-03,9849640,BTC
2014-05-04,5621260,BTC
2014-05-05,10004800,BTC
2014-05-06,12507300,BTC
2014-05-07,18332200,BTC
2014-05-08,9446580,BTC
2014-05-09,10347900,BTC
2014-05-10,6682600,BTC
2014-05-11,12251700,BTC
2014-05-12,7383770,BTC
2014-05-13,7682670,BTC
2014-05-14,9472960,BTC
2014-05-15,7362980,BTC
2014-05-16,6475100,BTC
2014-05-17,2945790,BTC
2014-05-18,2857830,BTC
2014-05-19,6242620,BTC
2014-05-20,40327500,BTC
2014-05-21,14626000,BTC
2014-05-22,33086500,BTC
2014-05-23,34934700,BTC
2014-05-24,11499300,BTC
2014-05-25,47010300,BTC
2014-05-26,29959800,BTC
2014-05-27,38032000,BTC
2014-05-28,19289000,BTC
2014-05-29,18707800,BTC
2014-05-30,31985400,BTC
2014-05-31,15107100,BTC
2014-06-01,45259100,BTC
2014-06-02,45450200,BTC
2014-06-03,40653700,BTC
2014-06-04,37731500,BTC
2014-06-05,29621300,BTC
2014-06-06,18680100,BTC
2014-06-07,15855300,BTC
2014-06-08,8614190,BTC
2014-06-09,19065400,BTC
2014-06-10,17913400,BTC
2014-06-11,25163800,BTC
2014-06-12,50818800,BTC
2014-06-13,35700700,BTC
2014-06-14,38481200,BTC
2014-06-15,23580900,BTC
2014-06-16,28677500,BTC
2014-06-17,18597300,BTC
2014-06-18,17862000,BTC
2014-06-19,12803800,BTC
2014-06-20,18134100,BTC
2014-06-21,9256290,BTC
2014-06-22,10877700,BTC
2014-06-23,14053800,BTC
2014-06-24,14144900,BTC
2014-06-25,20687700,BTC
2014-06-26,14655900,BTC
2014-06-27,20814600,BTC
2014-06-28,13398100,BTC
2014-06-29,8897470,BTC
2014-06-30,46422400,BTC
2014-07-01,38446300,BTC
2014-07-02,25768200,BTC
2014-07-03,18949000,BTC
2014-07-04,22237200,BTC
2014-07-05,9105940,BTC
2014-07-06,10080000,BTC
2014-07-07,17813600,BTC
2014-07-08,10005500,BTC
2014-07-09,9819150,BTC
2014-07-10,15880700,BTC
2014-07-11,16467100,BTC
2014-07-12,13329000,BTC
2014-07-13,11291000,BTC
2014-07-14,12706800,BTC
2014-07-15,10873200,BTC
2014-07-16,13182400,BTC
2014-07-17,16576700,BTC
2014-07-18,14158100,BTC
2014-07-19,7222030,BTC
2014-07-20,5760120,BTC
2014-07-21,10711900,BTC
2014-07-22,9602880,BTC
2014-07-23,11056600,BTC
2014-07-24,20917200,BTC
2014-07-25,12279500,BTC
2014-07-26,10752900,BTC
2014-07-27,7774230,BTC
2014-07-28,19316400,BTC
2014-07-29,11275400,BTC
2014-07-30,14898800,BTC
2014-07-31,22467900,BTC
2014-08-01,18215900,BTC
2014-08-02,8359080,BTC
2014-08-03,9917990,BTC
2014-08-04,9867570,BTC
2014-08-05,10790800,BTC
2014-08-06,14497900,BTC
2014-08-07,11131400,BTC
2014-08-08,11072000,BTC
2014-08-09,7922070,BTC
2014-08-10,7555310,BTC
2014-08-11,14764200,BTC
2014-08-12,13978200,BTC
2014-08-13,25777500,BTC
2014-08-14,35803900,BTC
2014-08-15,25598300,BTC
2014-08-16,22832500,BTC
2014-08-17,24300900,BTC
2014-08-18,50783800,BTC
2014-08-19,38422400,BTC
2014-08-20,46527600,BTC
2014-08-21,49444200,BTC
2014-08-22,36563900,BTC
2014-08-23,25171900,BTC
2014-08-24,19441700,BTC
2014-08-25,18356700,BTC
2014-08-26,23235100,BTC
2014-08-27,22648500,BTC
2014-08-28,19862000,BTC
2014-08-29,17624800,BTC
2014-08-30,9424070,BTC
2014-08-31,44632300,BTC
2014-09-01,20432000,BTC
2014-09-02,23337900,BTC
2014-09-03,13342200,BTC
2014-09-04,26081400,BTC
2014-09-05,15302500,BTC
2014-09-06,10601400,BTC
2014-09-07,8994050,BTC
2014-09-08,30238000,BTC
2014-09-09,21447800,BTC
2014-09-10,22787800,BTC
2014-09-11,16852900,BTC
2014-09-12,15437200,BTC
2014-09-13,15588000,BTC
2014-09-14,13105500,BTC
2014-09-15,15345200,BTC
2014-09-16,16797300,BTC
2014-09-17,21056800,BTC
2014-09-18,34483200,BTC
2014-09-19,37919700,BTC
2014-09-20,36863600,BTC
2014-09-21,26580100,BTC
2014-09-22,24127600,BTC
2014-09-23,45099500,BTC
2014-09-24,30627700,BTC
2014-09-25,26814400,BTC
2014-09-26,21460800,BTC
2014-09-27,15029300,BTC
2014-09-28,23613300,BTC
2014-09-29,32497700,BTC
2014-09-30,34707300,BTC
2014-10-01,26229400,BTC
2014-10-02,21777700,BTC
2014-10-03,30901200,BTC
2014-10-04,47236500,BTC
2014-10-05,83308096,BTC
2014-10-06,79011800,BTC
2014-10-07,49199900,BTC
2014-10-08,54736300,BTC
2014-10-09,83641104,BTC
2014-10-10,43665700,BTC
2014-10-11,13345200,BTC
2014-10-12,17552800,BTC
2014-10-13,35221400,BTC
2014-10-14,38491500,BTC
2014-10-15,25267100,BTC
2014-10-16,26990000,BTC
2014-10-17,13600700,BTC
2014-10-18,11416800,BTC
2014-10-19,5914570,BTC
2014-10-20,16419000,BTC
2014-10-21,14188900,BTC
2014-10-22,11641300,BTC
2014-10-23,26456900,BTC
2014-10-24,15585700,BTC
2014-10-25,18127500,BTC
2014-10-26,11272500,BTC
2014-10-27,13033000,BTC
2014-10-28,7845880,BTC
2014-10-29,18192700,BTC
2014-10-30,30177900,BTC
2014-10-31,12545400,BTC
2014-11-01,16677200,BTC
2014-11-02,8603620,BTC
2014-11-03,12948500,BTC
2014-11-04,15655500,BTC
2014-11-05,19817200,BTC
2014-11-06,18797000,BTC
2014-11-07,16834200,BTC
2014-11-08,8535470,BTC
2014-11-09,24205600,BTC
2014-11-10,30450100,BTC
2014-11-11,15838900,BTC
2014-11-12,45783200,BTC
2014-11-13,58945000,BTC
2014-11-14,29589200,BTC
2014-11-15,15727500,BTC
2014-11-16,11905600,BTC
2014-11-17,41518800,BTC
2014-11-18,32222500,BTC
2014-11-19,18931800,BTC
2014-11-20,25233200,BTC
2014-11-21,29850100,BTC
2014-11-22,15273000,BTC
2014-11-23,15151600,BTC
2014-11-24,30930100,BTC
2014-11-25,25442200,BTC
2014-11-26,18601700,BTC
2014-11-27,8748030,BTC
2014-11-28,22946500,BTC
2014-11-29,15375600,BTC
2014-11-30,9194440,BTC
2014-12-01,11763000,BTC
2014-12-02,12364100,BTC
2014-12-03,13340100,BTC
2014-12-04,14529600,BTC
2014-12-05,15181800,BTC
2014-12-06,7009320,BTC
2014-12-07,6491650,BTC
2014-12-08,18898700,BTC
2014-12-09,32915500,BTC
2014-12-10,16427700,BTC
2014-12-11,32431300,BTC
2014-12-12,16989800,BTC
2014-12-13,11675900,BTC
2014-12-14,12415200,BTC
2014-12-15,17264200,BTC
2014-12-16,30864900,BTC
2014-12-17,37567900,BTC
2014-12-18,39173000,BTC
2014-12-19,23823100,BTC
2014-12-20,20856700,BTC
2014-12-21,15207600,BTC
2014-12-22,22315100,BTC
2014-12-23,16574200,BTC
2014-12-24,15092300,BTC
2014-12-25,9883640,BTC
2014-12-26,16410500,BTC
2014-12-27,15185200,BTC
2014-12-28,11676600,BTC
2014-12-29,12302500,BTC
2014-12-30,12528300,BTC
2014-12-31,13942900,BTC
2015-01-01,8036550,BTC
2015-01-02,7860650,BTC
2015-01-03,33054400,BTC
2015-01-04,55629100,BTC
2015-01-05,43962800,BTC
2015-01-06,23245700,BTC
2015-01-07,24866800,BTC
2015-01-08,19982500,BTC
2015-01-09,18718600,BTC
2015-01-10,15264300,BTC
2015-01-11,18200800,BTC
2015-01-12,18880300,BTC
2015-01-13,72843904,BTC
2015-01-14,97638704,BTC
2015-01-15,81773504,BTC
2015-01-16,38421000,BTC
2015-01-17,23469700,BTC
2015-01-18,30085100,BTC
2015-01-19,18658300,BTC
2015-01-20,24051100,BTC
2015-01-21,29924600,BTC
2015-01-22,33544600,BTC
2015-01-23,24621700,BTC
2015-01-24,24782500,BTC
2015-01-25,33582700,BTC
2015-01-26,106794000,BTC
2015-01-27,44399000,BTC
2015-01-28,44352200,BTC
2015-01-29,32213400,BTC
2015-01-30,26605200,BTC
2015-01-31,23348200,BTC
2015-02-01,29128500,BTC
2015-02-02,30612100,BTC
2015-02-03,40783700,BTC
2015-02-04,26594300,BTC
2015-02-05,22516400,BTC
2015-02-06,24435300,BTC
2015-02-07,21604200,BTC
2015-02-08,17145200,BTC
2015-02-09,27791300,BTC
2015-02-10,21115100,BTC
2015-02-11,17201900,BTC
2015-02-12,15206200,BTC
2015-02-13,42744400,BTC
2015-02-14,49732500,BTC
2015-02-15,56552400,BTC
2015-02-16,28153700,BTC
2015-02-17,27363100,BTC
2015-02-18,25200800,BTC
2015-02-19,18270500,BTC
2015-02-20,23876700,BTC
2015-02-21,12284200,BTC
2015-02-22,19527000,BTC
2015-02-23,16400000,BTC
2015-02-24,14200400,BTC
2015-02-25,11496200,BTC
2015-02-26,13619400,BTC
2015-02-27,44013900,BTC
2015-02-28,13949300,BTC
2015-03-01,25213700,BTC
2015-03-02,40465700,BTC
2015-03-03,50461300,BTC
2015-03-04,41383000,BTC
2015-03-05,41302400,BTC
2015-03-06,28918900,BTC
2015-03-07,17825900,BTC
2015-03-08,22067900,BTC
2015-03-09,59178200,BTC
2015-03-10,67770800,BTC
2015-03-11,33963900,BTC
2015-03-12,32585200,BTC
2015-03-13,31421500,BTC
2015-03-14,22612300,BTC
2015-03-15,11970100,BTC
2015-03-16,21516100,BTC
2015-03-17,21497200,BTC
2015-03-18,57008000,BTC
2015-03-19,52732000,BTC
2015-03-20,18456700,BTC
2015-03-21,17130100,BTC
2015-03-22,18438100,BTC
2015-03-23,22811900,BTC
2015-03-24,40073700,BTC
2015-03-25,35866900,BTC
2015-03-26,25730000,BTC
2015-03-27,17274900,BTC
2015-03-28,16040900,BTC
2015-03-29,21699400,BTC
2015-03-30,23009600,BTC
2015-03-31,22672000,BTC
2015-04-01,22877200,BTC
2015-04-02,26272600,BTC
2015-04-03,23146600,BTC
2015-04-04,12493500,BTC
2015-04-05,19649200,BTC
2015-04-06,20034200,BTC
2015-04-07,18467400,BTC
2015-04-08,30086400,BTC
2015-04-09,21643500,BTC
2015-04-10,28882000,BTC
2015-04-11,16365200,BTC
2015-04-12,12387900,BTC
2015-04-13,31181800,BTC
2015-04-14,31719000,BTC
2015-04-15,22562000,BTC
2015-04-16,24805400,BTC
2015-04-17,20429800,BTC
2015-04-18,12939000,BTC
2015-04-19,15021500,BTC
2015-04-20,18364700,BTC
2015-04-21,24978000,BTC
2015-04-22,23847900,BTC
2015-04-23,17036000,BTC
2015-04-24,21448700,BTC
2015-04-25,13957200,BTC
2015-04-26,28943700,BTC
2015-04-27,38574000,BTC
2015-04-28,21469200,BTC
2015-04-29,18936500,BTC
2015-04-30,33818600,BTC
2015-05-01,18815300,BTC
2015-05-02,12535500,BTC
2015-05-03,18494100,BTC
2015-05-04,21223400,BTC
2015-05-05,23929100,BTC
2015-05-06,29587200,BTC
2015-05-07,29064400,BTC
2015-05-08,27445500,BTC
2015-05-09,19790500,BTC
2015-05-10,15019100,BTC
2015-05-11,20892300,BTC
2015-05-12,19282600,BTC
2015-05-13,27180100,BTC
2015-05-14,24413700,BTC
2015-05-15,16329400,BTC
2015-05-16,11089700,BTC
2015-05-17,11134300,BTC
2015-05-18,16780300,BTC
2015-05-19,14241900,BTC
2015-05-20,15499400,BTC
2015-05-21,15108900,BTC
2015-05-22,27003000,BTC
2015-05-23,14605000,BTC
2015-05-24,11508000,BTC
2015-05-25,14423900,BTC
2015-05-26,16425000,BTC
2015-05-27,18837000,BTC
2015-05-28,13829600,BTC
2015-05-29,14805000,BTC
2015-05-30,14098600,BTC
2015-05-31,14730800,BTC
2015-06-01,26090500,BTC
2015-06-02,20459000,BTC
2015-06-03,17752400,BTC
2015-06-04,14728100,BTC
2015-06-05,18056500,BTC
2015-06-06,11131500,BTC
2015-06-07,13318400,BTC
2015-06-08,23378400,BTC
2015-06-09,28353100,BTC
2015-06-10,15904800,BTC
2015-06-11,14416000,BTC
2015-06-12,14017700,BTC
2015-06-13,13305300,BTC
2015-06-14,12165900,BTC
2015-06-15,19912100,BTC
2015-06-16,41612000,BTC
2015-06-17,43858400,BTC
2015-06-18,30980200,BTC
2015-06-19,23965300,BTC
2015-06-20,20608100,BTC
2015-06-21,10600900,BTC
2015-06-22,17692500,BTC
2015-06-23,15108700,BTC
2015-06-24,17344900,BTC
2015-06-25,16133100,BTC
2015-06-26,13983500,BTC
2015-06-27,20488600,BTC
2015-06-28,15137600,BTC
2015-06-29,34742900,BTC
2015-06-30,44533800,BTC
2015-07-01,27029800,BTC
2015-07-02,21551900,BTC
2015-07-03,19033800,BTC
2015-07-04,15620400,BTC
2015-07-05,44156100,BTC
2015-07-06,49154800,BTC
2015-07-07,28857600,BTC
2015-07-08,36980200,BTC
2015-07-09,40301200,BTC
2015-07-10,100390000,BTC
2015-07-11,41109900,BTC
2015-07-12,56405000,BTC
2015-07-13,62053900,BTC
2015-07-14,28727200,BTC
2015-07-15,27486600,BTC
2015-07-16,49482600,BTC
2015-07-17,27591400,BTC
2015-07-18,25187100,BTC
2015-07-19,15332500,BTC
2015-07-20,22711400,BTC
2015-07-21,22930700,BTC
2015-07-22,19389800,BTC
2015-07-23,18531300,BTC
2015-07-24,37199400,BTC
2015-07-25,20662200,BTC
2015-07-26,16032300,BTC
2015-07-27,30592000,BTC
2015-07-28,25453600,BTC
2015-07-29,24672600,BTC
2015-07-30,21635800,BTC
2015-07-31,23629100,BTC
2015-08-01,18995000,BTC
2015-08-02,17722200,BTC
2015-08-03,21474100,BTC
2015-08-04,21908700,BTC
2015-08-05,20128000,BTC
2015-08-06,18792100,BTC
2015-08-07,42484800,BTC
2015-08-08,58533000,BTC
2015-08-09,23789600,BTC
2015-08-10,20979400,BTC
2015-08-11,25433900,BTC
2015-08-12,26815400,BTC
2015-08-13,27685500,BTC
2015-08-14,27091200,BTC
2015-08-15,19321100,BTC
2015-08-16,29717000,BTC
2015-08-17,21617900,BTC
2015-08-18,42147200,BTC
2015-08-19,60869200,BTC
2015-08-20,32275000,BTC
2015-08-21,23173800,BTC
2015-08-22,23205900,BTC
2015-08-23,18406600,BTC
2015-08-24,59220700,BTC
2015-08-25,61089200,BTC
2015-08-26,31808000,BTC
2015-08-27,21905400,BTC
2015-08-28,31336600,BTC
2015-08-29,17142500,BTC
2015-08-30,19412600,BTC
2015-08-31,20710700,BTC
2015-09-01,20575200,BTC
2015-09-02,18760400,BTC
2015-09-03,17482000,BTC
2015-09-04,20962400,BTC
2015-09-05,20671400,BTC
2015-09-06,25473700,BTC
2015-09-07,21192200,BTC
2015-09-08,26879200,BTC
2015-09-09,23635700,BTC
2015-09-10,21215500,BTC
2015-09-11,19224700,BTC
2015-09-12,17962600,BTC
2015-09-13,18478800,BTC
2015-09-14,20997800,BTC
2015-09-15,19177800,BTC
2015-09-16,20144200,BTC
2015-09-17,18935400,BTC
2015-09-18,20242200,BTC
2015-09-19,12712600,BTC
2015-09-20,14444700,BTC
2015-09-21,19678800,BTC
2015-09-22,25009300,BTC
2015-09-23,17254100,BTC
2015-09-24,25097800,BTC
2015-09-25,22363600,BTC
2015-09-26,13724100,BTC
2015-09-27,14179900,BTC
2015-09-28,24713000,BTC
2015-09-29,22691300,BTC
2015-09-30,19743500,BTC
2015-10-01,20488800,BTC
2015-10-02,19677900,BTC
2015-10-03,16482700,BTC
2015-10-04,12999000,BTC
2015-10-05,23335900,BTC
2015-10-06,27535100,BTC
2015-10-07,22999200,BTC
2015-10-08,18515300,BTC
2015-10-09,17353100,BTC
2015-10-10,15912700,BTC
2015-10-11,16827300,BTC
2015-10-12,17388300,BTC
2015-10-13,28198500,BTC
2015-10-14,27462600,BTC
2015-10-15,25223500,BTC
2015-10-16,35901500,BTC
2015-10-17,43199600,BTC
2015-10-18,22434300,BTC
2015-10-19,25258800,BTC
2015-10-20,30889800,BTC
2015-10-21,25637300,BTC
2015-10-22,37808600,BTC
2015-10-23,29442500,BTC
2015-10-24,25942400,BTC
2015-10-25,45717100,BTC
2015-10-26,32108800,BTC
2015-10-27,46331800,BTC
2015-10-28,50808100,BTC
2015-10-29,64495900,BTC
2015-10-30,78305000,BTC
2015-10-31,48598100,BTC
2015-11-01,37001100,BTC
2015-11-02,101918000,BTC
2015-11-03,206162000,BTC
2015-11-04,263900000,BTC
2015-11-05,151824992,BTC
2015-11-06,122687000,BTC
2015-11-07,56625100,BTC
2015-11-08,51817600,BTC
2015-11-09,68224400,BTC
2015-11-10,95797904,BTC
2015-11-11,107070000,BTC
2015-11-12,78477800,BTC
2015-11-13,52003000,BTC
2015-11-14,38612000,BTC
2015-11-15,44213100,BTC
2015-11-16,47980100,BTC
2015-11-17,51001600,BTC
2015-11-18,43783800,BTC
2015-11-19,45011100,BTC
2015-11-20,53152900,BTC
2015-11-21,28200500,BTC
2015-11-22,23439400,BTC
2015-11-23,27478900,BTC
2015-11-24,29362600,BTC
2015-11-25,41666900,BTC
2015-11-26,106105000,BTC
2015-11-27,55179100,BTC
2015-11-28,36816600,BTC
2015-11-29,40409300,BTC
2015-11-30,71701600,BTC
2015-12-01,60452200,BTC
2015-12-02,54160500,BTC
2015-12-03,50714900,BTC
2015-12-04,35784100,BTC
2015-12-05,66282200,BTC
2015-12-06,77762000,BTC
2015-12-07,63455800,BTC
2015-12-08,57801400,BTC
2015-12-09,90917200,BTC
2015-12-10,52138900,BTC
2015-12-11,110944000,BTC
2015-12-12,131969000,BTC
2015-12-13,55050600,BTC
2015-12-14,130496000,BTC
2015-12-15,83121104,BTC
2015-12-16,107944000,BTC
2015-12-17,47978400,BTC
2015-12-18,60220100,BTC
2015-12-19,47892700,BTC
2015-12-20,75409400,BTC
2015-12-21,77639696,BTC
2015-12-22,50840400,BTC
2015-12-23,47161400,BTC
2015-12-24,57157200,BTC
2015-12-25,39078500,BTC
2015-12-26,116166000,BTC
2015-12-27,53591200,BTC
2015-12-28,49638600,BTC
2015-12-29,51596500,BTC
2015-12-30,46889400,BTC
2015-12-31,45996600,BTC
2016-01-01,36278900,BTC
2016-01-02,30096600,BTC
2016-01-03,39633800,BTC
2016-01-04,38477500,BTC
2016-01-05,34522600,BTC
2016-01-06,34042500,BTC
2016-01-07,87562200,BTC
2016-01-08,56993000,BTC
2016-01-09,32278000,BTC
2016-01-10,35995900,BTC
2016-01-11,40450000,BTC
2016-01-12,115607000,BTC
2016-01-13,173888000,BTC
2016-01-14,43945500,BTC
2016-01-15,153351008,BTC
2016-01-16,120352000,BTC
2016-01-17,45319600,BTC
2016-01-18,54403900,BTC
2016-01-19,46819800,BTC
2016-01-20,121720000,BTC
2016-01-21,68338000,BTC
2016-01-22,91546600,BTC
2016-01-23,56247400,BTC
2016-01-24,54824800,BTC
2016-01-25,59062400,BTC
2016-01-26,58147000,BTC
2016-01-27,47424400,BTC
2016-01-28,59247900,BTC
2016-01-29,86125296,BTC
2016-01-30,30284400,BTC
2016-01-31,37894300,BTC
2016-02-01,51656700,BTC
2016-02-02,40378700,BTC
2016-02-03,45933400,BTC
2016-02-04,69285504,BTC
2016-02-05,43825000,BTC
2016-02-06,49249300,BTC
2016-02-07,37076300,BTC
2016-02-08,47671100,BTC
2016-02-09,55318500,BTC
2016-02-10,85130896,BTC
2016-02-11,74375600,BTC
2016-02-12,67042800,BTC
2016-02-13,61911700,BTC
2016-02-14,74469800,BTC
2016-02-15,74070496,BTC
2016-02-16,73093104,BTC
2016-02-17,83193600,BTC
2016-02-18,76752600,BTC
2016-02-19,55711300,BTC
2016-02-20,93992096,BTC
2016-02-21,89820704,BTC
2016-02-22,85385200,BTC
2016-02-23,85244896,BTC
2016-02-24,67743696,BTC
2016-02-25,70798000,BTC
2016-02-26,61486000,BTC
2016-02-27,41893600,BTC
2016-02-28,53033400,BTC
2016-02-29,60694700,BTC
2016-03-01,74895800,BTC
2016-03-02,74955296,BTC
2016-03-03,100484000,BTC
2016-03-04,90856096,BTC
2016-03-05,135384992,BTC
2016-03-06,91212496,BTC
2016-03-07,85762400,BTC
2016-03-08,70311696,BTC
2016-03-09,70012304,BTC
2016-03-10,81022896,BTC
2016-03-11,73969696,BTC
2016-03-12,92712896,BTC
2016-03-13,74322800,BTC
2016-03-14,95259400,BTC
2016-03-15,66781700,BTC
2016-03-16,65185800,BTC
2016-03-17,83528600,BTC
2016-03-18,104940000,BTC
2016-03-19,58423000,BTC
2016-03-20,45947900,BTC
2016-03-21,61655400,BTC
2016-03-22,66813300,BTC
2016-03-23,61444200,BTC
2016-03-24,68346704,BTC
2016-03-25,52560000,BTC
2016-03-26,44650400,BTC
2016-03-27,71229400,BTC
2016-03-28,68522800,BTC
2016-03-29,75411504,BTC
2016-03-30,66034100,BTC
2016-03-31,60215200,BTC
2016-04-01,51235700,BTC
2016-04-02,45681200,BTC
2016-04-03,38053700,BTC
2016-04-04,50634300,BTC
2016-04-05,60718000,BTC
2016-04-06,59091000,BTC
2016-04-07,57858600,BTC
2016-04-08,63454700,BTC
2016-04-09,49792700,BTC
2016-04-10,73478600,BTC
2016-04-11,50747500,BTC
2016-04-12,70728800,BTC
2016-04-13,69060400,BTC
2016-04-14,45281000,BTC
2016-04-15,54801500,BTC
2016-04-16,39392800,BTC
2016-04-17,52125900,BTC
2016-04-18,55670900,BTC
2016-04-19,52810500,BTC
2016-04-20,72890096,BTC
2016-04-21,68204704,BTC
2016-04-22,58804400,BTC
2016-04-23,50485400,BTC
2016-04-24,68198400,BTC
2016-04-25,87091800,BTC
2016-04-26,78971904,BTC
2016-04-27,93564896,BTC
2016-04-28,74064704,BTC
2016-04-29,49258500,BTC
2016-04-30,69322600,BTC
2016-05-01,40660100,BTC
2016-05-02,92127000,BTC
2016-05-03,59366400,BTC
2016-05-04,50407300,BTC
2016-05-05,50440800,BTC
2016-05-06,72796800,BTC
2016-05-07,38364500,BTC
2016-05-08,40315000,BTC
2016-05-09,55493100,BTC
2016-05-10,58956100,BTC
2016-05-11,50605200,BTC
2016-05-12,59849300,BTC
2016-05-13,60845000,BTC
2016-05-14,37209000,BTC
2016-05-15,28514000,BTC
2016-05-16,59171500,BTC
2016-05-17,64100300,BTC
2016-05-18,86850096,BTC
2016-05-19,96027400,BTC
2016-05-20,81987904,BTC
2016-05-21,42762300,BTC
2016-05-22,39657600,BTC
2016-05-23,50582500,BTC
2016-05-24,65783100,BTC
2016-05-25,65231000,BTC
2016-05-26,65203800,BTC
2016-05-27,164780992,BTC
2016-05-28,181199008,BTC
2016-05-29,148736992,BTC
2016-05-30,87958704,BTC
2016-05-31,138450000,BTC
2016-06-01,86061800,BTC
2016-06-02,60378200,BTC
2016-06-03,122020000,BTC
2016-06-04,94925296,BTC
2016-06-05,68874096,BTC
2016-06-06,72138896,BTC
2016-06-07,107770000,BTC
2016-06-08,80265800,BTC
2016-06-09,71301000,BTC
2016-06-10,66991900,BTC
2016-06-11,82357000,BTC
2016-06-12,277084992,BTC
2016-06-13,243295008,BTC
2016-06-14,186694000,BTC
2016-06-15,99223800,BTC
2016-06-16,271633984,BTC
2016-06-17,363320992,BTC
2016-06-18,252718000,BTC
2016-06-19,136184992,BTC
2016-06-20,174511008,BTC
2016-06-21,309944000,BTC
2016-06-22,266392992,BTC
2016-06-23,253462000,BTC
2016-06-24,224316992,BTC
2016-06-25,126656000,BTC
2016-06-26,109225000,BTC
2016-06-27,122134000,BTC
2016-06-28,138384992,BTC
2016-06-29,142456000,BTC
2016-06-30,138980000,BTC
2016-07-01,134431008,BTC
2016-07-02,112354000,BTC
2016-07-03,129512000,BTC
2016-07-04,92008400,BTC
2016-07-05,130476000,BTC
2016-07-06,134960992,BTC
2016-07-07,258091008,BTC
2016-07-08,141970000,BTC
2016-07-09,180536000,BTC
2016-07-10,102532000,BTC
2016-07-11,107910000,BTC
2016-07-12,138172992,BTC
2016-07-13,131449000,BTC
2016-07-14,98511400,BTC
2016-07-15,81673104,BTC
2016-07-16,50330200,BTC
2016-07-17,74407904,BTC
2016-07-18,69465000,BTC
2016-07-19,61203300,BTC
2016-07-20,94636400,BTC
2016-07-21,60491800,BTC
2016-07-22,134169000,BTC
2016-07-23,69532200,BTC
2016-07-24,118184000,BTC
2016-07-25,78176496,BTC
2016-07-26,225135008,BTC
2016-07-27,147460992,BTC
2016-07-28,86428400,BTC
2016-07-29,60703500,BTC
2016-07-30,38456100,BTC
2016-07-31,110818000,BTC
2016-08-01,121887000,BTC
2016-08-02,330932992,BTC
2016-08-03,207982000,BTC
2016-08-04,125292000,BTC
2016-08-05,66127900,BTC
2016-08-06,80797296,BTC
2016-08-07,82398400,BTC
2016-08-08,61194100,BTC
2016-08-09,92228096,BTC
2016-08-10,102905000,BTC
2016-08-11,74514400,BTC
2016-08-12,69218000,BTC
2016-08-13,43563000,BTC
2016-08-14,60851100,BTC
2016-08-15,57262300,BTC
2016-08-16,58405200,BTC
2016-08-17,54443000,BTC
2016-08-18,59896600,BTC
2016-08-19,50631600,BTC
2016-08-20,45301400,BTC
2016-08-21,38299400,BTC
2016-08-22,72844000,BTC
2016-08-23,85349200,BTC
2016-08-24,56328200,BTC
2016-08-25,136130000,BTC
2016-08-26,48856800,BTC
2016-08-27,59698300,BTC
2016-08-28,86301600,BTC
2016-08-29,110398000,BTC
2016-08-30,70342400,BTC
2016-08-31,75840896,BTC
2016-09-01,76923400,BTC
2016-09-02,79910800,BTC
2016-09-03,159014000,BTC
2016-09-04,97942896,BTC
2016-09-05,82446800,BTC
2016-09-06,78529104,BTC
2016-09-07,75032400,BTC
2016-09-08,86713000,BTC
2016-09-09,64550200,BTC
2016-09-10,45016800,BTC
2016-09-11,73610800,BTC
2016-09-12,72812304,BTC
2016-09-13,86920600,BTC
2016-09-14,47877700,BTC
2016-09-15,59464600,BTC
2016-09-16,64963400,BTC
2016-09-17,37140300,BTC
2016-09-18,48679400,BTC
2016-09-19,54796400,BTC
2016-09-20,72710896,BTC
2016-09-21,82776200,BTC
2016-09-22,67085300,BTC
2016-09-23,51067000,BTC
2016-09-24,35359500,BTC
2016-09-25,33977800,BTC
2016-09-26,59153800,BTC
2016-09-27,49422400,BTC
2016-09-28,48722600,BTC
2016-09-29,55658600,BTC
2016-09-30,56122400,BTC
2016-10-01,56357000,BTC
2016-10-02,39249800,BTC
2016-10-03,46798300,BTC
2016-10-04,49801600,BTC
2016-10-05,68077504,BTC
2016-10-06,56812100,BTC
2016-10-07,64071400,BTC
2016-10-08,42345900,BTC
2016-10-09,39243400,BTC
2016-10-10,67481104,BTC
2016-10-11,103590000,BTC
2016-10-12,92370200,BTC
2016-10-13,61620700,BTC
2016-10-14,58144600,BTC
2016-10-15,39035400,BTC
2016-10-16,40298100,BTC
2016-10-17,58063600,BTC
2016-10-18,65546700,BTC
2016-10-19,69381696,BTC
2016-10-20,56957300,BTC
2016-10-21,55951000,BTC
2016-10-22,78556496,BTC
2016-10-23,54474600,BTC
2016-10-24,62218200,BTC
2016-10-25,90378800,BTC
2016-10-26,88877104,BTC
2016-10-27,96105296,BTC
2016-10-28,81145504,BTC
2016-10-29,134760992,BTC
2016-10-30,100665000,BTC
2016-10-31,97064400,BTC
2016-11-01,130527000,BTC
2016-11-02,84865200,BTC
2016-11-03,172808000,BTC
2016-11-04,99907696,BTC
2016-11-05,53752300,BTC
2016-11-06,59902200,BTC
2016-11-07,65047100,BTC
2016-11-08,79660800,BTC
2016-11-09,132429000,BTC
2016-11-10,68807800,BTC
2016-11-11,63119700,BTC
2016-11-12,64622500,BTC
2016-11-13,80318096,BTC
2016-11-14,62993000,BTC
2016-11-15,72038496,BTC
2016-11-16,141294000,BTC
2016-11-17,108579000,BTC
2016-11-18,87363104,BTC
2016-11-19,110608000,BTC
2016-11-20,154116000,BTC
2016-11-21,60802400,BTC
2016-11-22,129906000,BTC
2016-11-23,76543800,BTC
2016-11-24,85919296,BTC
2016-11-25,67807600,BTC
2016-11-26,54962700,BTC
2016-11-27,52601800,BTC
2016-11-28,61888600,BTC
2016-11-29,68511104,BTC
2016-11-30,84070800,BTC
2016-12-01,80461904,BTC
2016-12-02,127605000,BTC
2016-12-03,69547296,BTC
2016-12-04,60557900,BTC
2016-12-05,106363000,BTC
2016-12-06,116218000,BTC
2016-12-07,96426096,BTC
2016-12-08,80111904,BTC
2016-12-09,68705296,BTC
2016-12-10,53843100,BTC
2016-12-11,57313400,BTC
2016-12-12,76571000,BTC
2016-12-13,81645600,BTC
2016-12-14,75979000,BTC
2016-12-15,81580096,BTC
2016-12-16,83608200,BTC
2016-12-17,78989800,BTC
2016-12-18,60524400,BTC
2016-12-19,74886400,BTC
2016-12-20,99629296,BTC
2016-12-21,155576000,BTC
2016-12-22,200027008,BTC
2016-12-23,275564000,BTC
2016-12-24,137727008,BTC
2016-12-25,143664992,BTC
2016-12-26,123771000,BTC
2016-12-27,167308000,BTC
2016-12-28,236630000,BTC
2016-12-29,199320000,BTC
2016-12-30,187474000,BTC
2016-12-31,99135104,BTC
2017-01-01,147775008,BTC
2017-01-02,222184992,BTC
2017-01-03,185168000,BTC
2017-01-04,344945984,BTC
2017-01-05,510199008,BTC
2017-01-06,351876000,BTC
2017-01-07,279550016,BTC
2017-01-08,158715008,BTC
2017-01-09,141876992,BTC
2017-01-10,115808000,BTC
2017-01-11,310928992,BTC
2017-01-12,222326000,BTC
2017-01-13,168968000,BTC
2017-01-14,93063296,BTC
2017-01-15,71013600,BTC
2017-01-16,82755200,BTC
2017-01-17,155095008,BTC
2017-01-18,225676992,BTC
2017-01-19,105625000,BTC
2017-01-20,86728400,BTC
2017-01-21,111158000,BTC
2017-01-22,116573000,BTC
2017-01-23,73588600,BTC
2017-01-24,111349000,BTC
2017-01-25,120831000,BTC
2017-01-26,131958000,BTC
2017-01-27,125594000,BTC
2017-01-28,68979600,BTC
2017-01-29,60851700,BTC
2017-01-30,78227296,BTC
2017-01-31,164582000,BTC
2017-02-01,150110000,BTC
2017-02-02,145820992,BTC
2017-02-03,201278000,BTC
2017-02-04,155064000,BTC
2017-02-05,114208000,BTC
2017-02-06,111762000,BTC
2017-02-07,146007008,BTC
2017-02-08,201855008,BTC
2017-02-09,407220000,BTC
2017-02-10,190452000,BTC
2017-02-11,102261000,BTC
2017-02-12,67530000,BTC
2017-02-13,100607000,BTC
2017-02-14,137946000,BTC
2017-02-15,89759400,BTC
2017-02-16,122277000,BTC
2017-02-17,136474000,BTC
2017-02-18,99073504,BTC
2017-02-19,77423296,BTC
2017-02-20,109478000,BTC
2017-02-21,186868992,BTC
2017-02-22,136100000,BTC
2017-02-23,189454000,BTC
2017-02-24,330759008,BTC
2017-02-25,139960992,BTC
2017-02-26,116486000,BTC
2017-02-27,131570000,BTC
2017-02-28,184956000,BTC
2017-03-01,229056992,BTC
2017-03-02,368275008,BTC
2017-03-03,315739008,BTC
2017-03-04,183270000,BTC
2017-03-05,134127000,BTC
2017-03-06,153656992,BTC
2017-03-07,291256000,BTC
2017-03-08,332603008,BTC
2017-03-09,212283008,BTC
2017-03-10,563795968,BTC
2017-03-11,283320000,BTC
2017-03-12,227176000,BTC
2017-03-13,380276992,BTC
2017-03-14,245306000,BTC
2017-03-15,297804992,BTC
2017-03-16,638568000,BTC
2017-03-17,706598976,BTC
2017-03-18,621302016,BTC
2017-03-19,406648000,BTC
2017-03-20,286529984,BTC
2017-03-21,337391008,BTC
2017-03-22,380840992,BTC
2017-03-23,248540000,BTC
2017-03-24,491038016,BTC
2017-03-25,435803008,BTC
2017-03-26,303668000,BTC
2017-03-27,372535008,BTC
2017-03-28,326332000,BTC
2017-03-29,298457984,BTC
2017-03-30,352968992,BTC
2017-03-31,447287008,BTC
2017-04-01,289633984,BTC
2017-04-02,514187008,BTC
2017-04-03,580444032,BTC
2017-04-04,436310016,BTC
2017-04-05,414784000,BTC
2017-04-06,511222016,BTC
2017-04-07,317022016,BTC
2017-04-08,209312000,BTC
2017-04-09,242343008,BTC
2017-04-10,215883008,BTC
2017-04-11,216182000,BTC
2017-04-12,288702016,BTC
2017-04-13,351968992,BTC
2017-04-14,254827008,BTC
2017-04-15,203559008,BTC
2017-04-16,183231008,BTC
2017-04-17,253206000,BTC
2017-04-18,270524000,BTC
2017-04-19,288060992,BTC
2017-04-20,315108000,BTC
2017-04-21,272167008,BTC
2017-04-22,249320000,BTC
2017-04-23,258951008,BTC
2017-04-24,235806000,BTC
2017-04-25,242556000,BTC
2017-04-26,329631008,BTC
2017-04-27,449196992,BTC
2017-04-28,527488992,BTC
2017-04-29,422705984,BTC
2017-04-30,413115008,BTC
2017-05-01,713624000,BTC
2017-05-02,477337984,BTC
2017-05-03,583795968,BTC
2017-05-04,933548992,BTC
2017-05-05,946035968,BTC
2017-05-06,582529984,BTC
2017-05-07,1080029952,BTC
2017-05-08,1340320000,BTC
2017-05-09,1167920000,BTC
2017-05-10,915723008,BTC
2017-05-11,799489984,BTC
2017-05-12,740984000,BTC
2017-05-13,579635008,BTC
2017-05-14,437196000,BTC
2017-05-15,731529024,BTC
2017-05-16,959044992,BTC
2017-05-17,1064729984,BTC
2017-05-18,894321024,BTC
2017-05-19,1157289984,BTC
2017-05-20,961336000,BTC
2017-05-21,1147859968,BTC
2017-05-22,1942220032,BTC
2017-05-23,1378749952,BTC
2017-05-24,1725379968,BTC
2017-05-25,2406700032,BTC
2017-05-26,1763480064,BTC
2017-05-27,1700480000,BTC
2017-05-28,1147139968,BTC
2017-05-29,994625024,BTC
2017-05-30,1443970048,BTC
2017-05-31,1544829952,BTC
2017-06-01,1653180032,BTC
2017-06-02,1317030016,BTC
2017-06-03,1514950016,BTC
2017-06-04,1355120000,BTC
2017-06-05,1369309952,BTC
2017-06-06,2089609984,BTC
2017-06-07,1517709952,BTC
2017-06-08,1281170048,BTC
2017-06-09,1348950016,BTC
2017-06-10,2018889984,BTC
2017-06-11,1752400000,BTC
2017-06-12,2569530112,BTC
2017-06-13,1781200000,BTC
2017-06-14,1696560000,BTC
2017-06-15,2026259968,BTC
2017-06-16,1195190016,BTC
2017-06-17,1534509952,BTC
2017-06-18,1178659968,BTC
2017-06-19,1446840064,BTC
2017-06-20,1854189952,BTC
2017-06-21,1626579968,BTC
2017-06-22,1097939968,BTC
2017-06-23,961318976,BTC
2017-06-24,982750016,BTC
2017-06-25,1161100032,BTC
2017-06-26,1663280000,BTC
2017-06-27,1489789952,BTC
2017-06-28,1183869952,BTC
2017-06-29,949979008,BTC
2017-06-30,860273024,BTC
2017-07-01,779913984,BTC
2017-07-02,803747008,BTC
2017-07-03,964112000,BTC
2017-07-04,985516032,BTC
2017-07-05,941566016,BTC
2017-07-06,761956992,BTC
2017-07-07,917411968,BTC
2017-07-08,733329984,BTC
2017-07-09,527856000,BTC
2017-07-10,1111200000,BTC
2017-07-11,1329760000,BTC
2017-07-12,1117410048,BTC
2017-07-13,835769984,BTC
2017-07-14,882502976,BTC
2017-07-15,993608000,BTC
2017-07-16,1182870016,BTC
2017-07-17,1201760000,BTC
2017-07-18,1512450048,BTC
2017-07-19,1245100032,BTC
2017-07-20,2249260032,BTC
2017-07-21,1489449984,BTC
2017-07-22,1177129984,BTC
2017-07-23,1072840000,BTC
2017-07-24,866473984,BTC
2017-07-25,1460089984,BTC
2017-07-26,937404032,BTC
2017-07-27,789104000,BTC
2017-07-28,1380099968,BTC
2017-07-29,803745984,BTC
2017-07-30,705942976,BTC
2017-07-31,860574976,BTC
2017-08-01,1324669952,BTC
2017-08-02,1094950016,BTC
2017-08-03,804796992,BTC
2017-08-04,1002120000,BTC
2017-08-05,1945699968,BTC
2017-08-06,1105030016,BTC
2017-08-07,1482279936,BTC
2017-08-08,1752760064,BTC
2017-08-09,1468960000,BTC
2017-08-10,1515110016,BTC
2017-08-11,2021190016,BTC
2017-08-12,2219589888,BTC
2017-08-13,3159089920,BTC
2017-08-14,2463089920,BTC
2017-08-15,3258050048,BTC
2017-08-16,2272039936,BTC
2017-08-17,2553359872,BTC
2017-08-18,2941710080,BTC
2017-08-19,2975820032,BTC
2017-08-20,2109769984,BTC
2017-08-21,2800890112,BTC
2017-08-22,3764239872,BTC
2017-08-23,2369819904,BTC
2017-08-24,2037750016,BTC
2017-08-25,1727970048,BTC
2017-08-26,1511609984,BTC
2017-08-27,1537459968,BTC
2017-08-28,1959330048,BTC
2017-08-29,2486080000,BTC
2017-08-30,1937849984,BTC
2017-08-31,1944930048,BTC
2017-09-01,2599079936,BTC
2017-09-02,2722139904,BTC
2017-09-03,1933190016,BTC
2017-09-04,2987330048,BTC
2017-09-05,2697969920,BTC
2017-09-06,2172100096,BTC
2017-09-07,1844620032,BTC
2017-09-08,2700890112,BTC
2017-09-09,1386230016,BTC
2017-09-10,1679090048,BTC
2017-09-11,1557330048,BTC
2017-09-12,1864530048,BTC
2017-09-13,2219409920,BTC
2017-09-14,2716310016,BTC
2017-09-15,4148069888,BTC
2017-09-16,1818400000,BTC
2017-09-17,1239149952,BTC
2017-09-18,1943209984,BTC
2017-09-19,1563980032,BTC
2017-09-20,1213830016,BTC
2017-09-21,1411480064,BTC
2017-09-22,1194829952,BTC
2017-09-23,928113984,BTC
2017-09-24,768014976,BTC
2017-09-25,1374210048,BTC
2017-09-26,1043740032,BTC
2017-09-27,1686880000,BTC
2017-09-28,1712320000,BTC
2017-09-29,1367049984,BTC
2017-09-30,1207449984,BTC
2017-10-01,1208210048,BTC
2017-10-02,1431730048,BTC
2017-10-03,1288019968,BTC
2017-10-04,1116770048,BTC
2017-10-05,1161769984,BTC
2017-10-06,1069939968,BTC
2017-10-07,906928000,BTC
2017-10-08,1313869952,BTC
2017-10-09,1968739968,BTC
2017-10-10,1597139968,BTC
2017-10-11,1222279936,BTC
2017-10-12,2791610112,BTC
2017-10-13,3615480064,BTC
2017-10-14,1669030016,BTC
2017-10-15,1976039936,BTC
2017-10-16,2008070016,BTC
2017-10-17,1821570048,BTC
2017-10-18,2399269888,BTC
2017-10-19,1780540032,BTC
2017-10-20,2354429952,BTC
2017-10-21,2207099904,BTC
2017-10-22,2034630016,BTC
2017-10-23,2401840128,BTC
2017-10-24,2735699968,BTC
2017-10-25,1966989952,BTC
2017-10-26,1905040000,BTC
2017-10-27,1710130048,BTC
2017-10-28,1403920000,BTC
2017-10-29,2859040000,BTC
2017-10-30,1772150016,BTC
2017-10-31,2311379968,BTC
2017-11-01,2870320128,BTC
2017-11-02,4653770240,BTC
2017-11-03,3369860096,BTC
2017-11-04,2483800064,BTC
2017-11-05,2380410112,BTC
2017-11-06,3111899904,BTC
2017-11-07,2326340096,BTC
2017-11-08,4602200064,BTC
2017-11-09,3226249984,BTC
2017-11-10,5208249856,BTC
2017-11-11,4908680192,BTC
2017-11-12,8957349888,BTC
2017-11-13,6263249920,BTC
2017-11-14,3197110016,BTC
2017-11-15,4200880128,BTC
2017-11-16,5123809792,BTC
2017-11-17,4651670016,BTC
2017-11-18,3667190016,BTC
2017-11-19,3149319936,BTC
2017-11-20,3488450048,BTC
2017-11-21,4277609984,BTC
2017-11-22,3633530112,BTC
2017-11-23,4225179904,BTC
2017-11-24,5058610176,BTC
2017-11-25,4342060032,BTC
2017-11-26,5475579904,BTC
2017-11-27,5653320192,BTC
2017-11-28,6348819968,BTC
2017-11-29,11568799744,BTC
2017-11-30,8310689792,BTC
2017-12-01,6783119872,BTC
2017-12-02,5138500096,BTC
2017-12-03,6608309760,BTC
2017-12-04,6132409856,BTC
2017-12-05,6895260160,BTC
2017-12-06,12656300032,BTC
2017-12-07,17950699520,BTC
2017-12-08,21135998976,BTC
2017-12-09,13911300096,BTC
2017-12-10,13433299968,BTC
2017-12-11,12153900032,BTC
2017-12-12,14603799552,BTC
2017-12-13,12976900096,BTC
2017-12-14,13777399808,BTC
2017-12-15,14309999616,BTC
2017-12-16,12740599808,BTC
2017-12-17,13314599936,BTC
2017-12-18,14839499776,BTC
2017-12-19,16894499840,BTC
2017-12-20,22149699584,BTC
2017-12-21,16516599808,BTC
2017-12-22,22197999616,BTC
2017-12-23,13086000128,BTC
2017-12-24,11572299776,BTC
2017-12-25,10664699904,BTC
2017-12-26,13454300160,BTC
2017-12-27,12487600128,BTC
2017-12-28,12336499712,BTC
2017-12-29,13025500160,BTC
2017-12-30,14452599808,BTC
2017-12-31,12136299520,BTC
2018-01-01,10291200000,BTC
2018-01-02,16846600192,BTC
2018-01-03,16871900160,BTC
2018-01-04,21783199744,BTC
2018-01-05,23840899072,BTC
2018-01-06,18314600448,BTC
2018-01-07,15866000384,BTC
2018-01-08,18413899776,BTC
2018-01-09,16659999744,BTC
2018-01-10,18500800512,BTC
2018-01-11,16534099968,BTC
2018-01-12,12065699840,BTC
2018-01-13,12763599872,BTC
2018-01-14,11084099584,BTC
2018-01-15,12750799872,BTC
2018-01-16,18853799936,BTC
2018-01-17,18830600192,BTC
2018-01-18,15020399616,BTC
2018-01-19,10740400128,BTC
2018-01-20,11801700352,BTC
2018-01-21,9935179776,BTC
2018-01-22,10537400320,BTC
2018-01-23,9660609536,BTC
2018-01-24,9940989952,BTC
2018-01-25,8873169920,BTC
2018-01-26,9746199552,BTC
2018-01-27,7583269888,BTC
2018-01-28,8350360064,BTC
2018-01-29,7107359744,BTC
2018-01-30,8637859840,BTC
2018-01-31,8041160192,BTC
2018-02-01,9959400448,BTC
2018-02-02,12726899712,BTC
2018-02-03,7263790080,BTC
2018-02-04,7073549824,BTC
2018-02-05,9285289984,BTC
2018-02-06,13999800320,BTC
2018-02-07,9169280000,BTC
2018-02-08,9346750464,BTC
2018-02-09,6784820224,BTC
2018-02-10,7780960256,BTC
2018-02-11,6122189824,BTC
2018-02-12,6256439808,BTC
2018-02-13,5696719872,BTC
2018-02-14,7909819904,BTC
2018-02-15,9062540288,BTC
2018-02-16,7296159744,BTC
2018-02-17,8660880384,BTC
2018-02-18,8744009728,BTC
2018-02-19,7652089856,BTC
2018-02-20,9926540288,BTC
2018-02-21,9405339648,BTC
2018-02-22,8040079872,BTC
2018-02-23,7739500032,BTC
2018-02-24,6917929984,BTC
2018-02-25,5706939904,BTC
2018-02-26,7287690240,BTC
2018-02-27,6966179840,BTC
2018-02-28,6936189952,BTC
2018-03-01,7317279744,BTC
2018-03-02,7620590080,BTC
2018-03-03,6690570240,BTC
2018-03-04,6084149760,BTC
2018-03-05,6468539904,BTC
2018-03-06,6832169984,BTC
2018-03-07,8797910016,BTC
2018-03-08,7186089984,BTC
2018-03-09,8704190464,BTC
2018-03-10,5386319872,BTC
2018-03-11,6296370176,BTC
2018-03-12,6457399808,BTC
2018-03-13,5991139840,BTC
2018-03-14,6438230016,BTC
2018-03-15,6834429952,BTC
2018-03-16,5289379840,BTC
2018-03-17,4426149888,BTC
2018-03-18,6639190016,BTC
2018-03-19,6729110016,BTC
2018-03-20,6361789952,BTC
2018-03-21,6043129856,BTC
2018-03-22,5530390016,BTC
2018-03-23,5954120192,BTC
2018-03-24,5664600064,BTC
2018-03-25,4569880064,BTC
2018-03-26,5921039872,BTC
2018-03-27,5378250240,BTC
2018-03-28,4935289856,BTC
2018-03-29,6361229824,BTC
2018-03-30,6289509888,BTC
2018-03-31,4553269760,BTC
2018-04-01,4532100096,BTC
2018-04-02,4333440000,BTC
2018-04-03,5499700224,BTC
2018-04-04,4936000000,BTC
2018-04-05,5639320064,BTC
2018-04-06,3766810112,BTC
2018-04-07,3976610048,BTC
2018-04-08,3652499968,BTC
2018-04-09,4894060032,BTC
2018-04-10,4272750080,BTC
2018-04-11,4641889792,BTC
2018-04-12,8906250240,BTC
2018-04-13,7764460032,BTC
2018-04-14,5191430144,BTC
2018-04-15,5244480000,BTC
2018-04-16,5631309824,BTC
2018-04-17,6900879872,BTC
2018-04-18,6529909760,BTC
2018-04-19,7063209984,BTC
2018-04-20,8438110208,BTC
2018-04-21,7548550144,BTC
2018-04-22,6629899776,BTC
2018-04-23,6925190144,BTC
2018-04-24,10678800384,BTC
2018-04-25,11083100160,BTC
2018-04-26,8970559488,BTC
2018-04-27,7566289920,BTC
2018-04-28,7805479936,BTC
2018-04-29,8853000192,BTC
2018-04-30,8673920000,BTC
2018-05-01,7713019904,BTC
2018-05-02,7558159872,BTC
2018-05-03,10207299584,BTC
2018-05-04,8217829888,BTC
2018-05-05,7651939840,BTC
2018-05-06,7222280192,BTC
2018-05-07,7394019840,BTC
2018-05-08,7415869952,BTC
2018-05-09,7226890240,BTC
2018-05-10,6906699776,BTC
2018-05-11,8488520192,BTC
2018-05-12,6821380096,BTC
2018-05-13,5866379776,BTC
2018-05-14,7364149760,BTC
2018-05-15,6705710080,BTC
2018-05-16,6760220160,BTC
2018-05-17,5862530048,BTC
2018-05-18,5764190208,BTC
2018-05-19,4712399872,BTC
2018-05-20,5191059968,BTC
2018-05-21,5154990080,BTC
2018-05-22,5137010176,BTC
2018-05-23,6491120128,BTC
2018-05-24,6049220096,BTC
2018-05-25,4867829760,BTC
2018-05-26,4051539968,BTC
2018-05-27,4056519936,BTC
2018-05-28,5040600064,BTC
2018-05-29,5662660096,BTC
2018-05-30,4922540032,BTC
2018-05-31,5127130112,BTC
2018-06-01,4921460224,BTC
2018-06-02,4939299840,BTC
2018-06-03,4851760128,BTC
2018-06-04,4993169920,BTC
2018-06-05,4961739776,BTC
2018-06-06,4692259840,BTC
2018-06-07,4485799936,BTC
2018-06-08,4227579904,BTC
2018-06-09,3845220096,BTC
2018-06-10,5804839936,BTC
2018-06-11,4745269760,BTC
2018-06-12,4654380032,BTC
2018-06-13,5052349952,BTC
2018-06-14,5138710016,BTC
2018-06-15,3955389952,BTC
2018-06-16,3194170112,BTC
2018-06-17,3104019968,BTC
2018-06-18,4039200000,BTC
2018-06-19,4057029888,BTC
2018-06-20,3888640000,BTC
2018-06-21,3529129984,BTC
2018-06-22,5079810048,BTC
2018-06-23,3431360000,BTC
2018-06-24,4566909952,BTC
2018-06-25,5500810240,BTC
2018-06-26,3279759872,BTC
2018-06-27,3296219904,BTC
2018-06-28,3467800064,BTC
2018-06-29,3966230016,BTC
2018-06-30,4543860224,BTC
2018-07-01,4788259840,BTC
2018-07-02,4396930048,BTC
2018-07-03,4672309760,BTC
2018-07-04,4176689920,BTC
2018-07-05,4999240192,BTC
2018-07-06,4313959936,BTC
2018-07-07,3961080064,BTC
2018-07-08,3386210048,BTC
2018-07-09,3718129920,BTC
2018-07-10,4052430080,BTC
2018-07-11,3644859904,BTC
2018-07-12,3770170112,BTC
2018-07-13,3805400064,BTC
2018-07-14,2923670016,BTC
2018-07-15,3285459968,BTC
2018-07-16,4725799936,BTC
2018-07-17,5961950208,BTC
2018-07-18,6103410176,BTC
2018-07-19,5111629824,BTC
2018-07-20,4936869888,BTC
2018-07-21,3726609920,BTC
2018-07-22,3695460096,BTC
2018-07-23,5132480000,BTC
2018-07-24,7277689856,BTC
2018-07-25,5845400064,BTC
2018-07-26,4899089920,BTC
2018-07-27,5195879936,BTC
2018-07-28,3988750080,BTC
2018-07-29,4107190016,BTC
2018-07-30,5551400000,BTC
2018-07-31,5287530000,BTC
2018-08-01,4797620000,BTC
2018-08-02,4214110000,BTC
2018-08-03,4627150000,BTC
2018-08-04,4268390000,BTC
2018-08-05,3679110000,BTC
2018-08-06,3925900000,BTC
2018-08-07,4682800000,BTC
2018-08-08,5064430000,BTC
2018-08-09,4267040000,BTC
2018-08-10,4528680000,BTC
2018-08-11,4047850000,BTC
2018-08-12,5665250000,BTC
2018-08-13,4083980000,BTC
2018-08-14,5301700000,BTC
2018-08-15,4895450000,BTC
2018-08-16,4328420000,BTC
2018-08-17,4992990000,BTC
2018-08-18,3984520000,BTC
2018-08-19,3311170000,BTC
2018-08-20,3665100000,BTC
2018-08-21,3377180000,BTC
2018-08-22,4668110000,BTC
2018-08-23,3426180000,BTC
2018-08-24,4097820000,BTC
2018-08-25,3312600000,BTC
2018-08-26,3295500000,BTC
2018-08-27,4019000000,BTC
2018-08-28,4659940000,BTC
2018-08-29,4145880000,BTC
2018-08-30,4463250000,BTC
2018-08-31,4495650000,BTC
2018-09-01,4116050000,BTC
2018-09-02,4329540000,BTC
2018-09-03,4087760000,BTC
2018-09-04,4273640000,BTC
2018-09-05,5800460000,BTC
2018-09-06,5523470000,BTC
2018-09-07,4264680000,BTC
2018-09-08,3835060000,BTC
2018-09-09,3671890000,BTC
2018-09-10,3714100000,BTC
2018-09-11,3849910000,BTC
2018-09-12,4064230000,BTC
2018-09-13,4210910000,BTC
2018-09-14,4076220000,BTC
2018-09-15,3216300000,BTC
2018-09-16,3273730000,BTC
2018-09-17,3910780000,BTC
2018-09-18,4180090000,BTC
2018-09-19,4431340000,BTC
2018-09-20,4348110000,BTC
2018-09-21,6531940000,BTC
2018-09-22,4509660000,BTC
2018-09-23,4197500000,BTC
2018-09-24,4177310000,BTC
2018-09-25,4726180000,BTC
2018-09-26,4437300000,BTC
2018-09-27,4606810000,BTC
2018-09-28,5014430000,BTC
2018-09-29,4363690000,BTC
2018-09-30,4002280000,BTC
2018-10-01,4000970000,BTC
2018-10-02,3979260000,BTC
2018-10-03,3887310000,BTC
2018-10-04,3838410000,BTC
2018-10-05,3671500000,BTC
2018-10-06,3259740000,BTC
2018-10-07,3306630000,BTC
2018-10-08,3979460000,BTC
2018-10-09,3580810000,BTC
2018-10-10,3787650000,BTC
2018-10-11,5181640000,BTC
2018-10-12,3783500000,BTC
2018-10-13,3064030000,BTC
2018-10-14,3085320000,BTC
2018-10-15,7370770000,BTC
2018-10-16,4074800000,BTC
2018-10-17,4088420000,BTC
2018-10-18,3924080000,BTC
2018-10-19,3578870000,BTC
2018-10-20,3379130000,BTC
2018-10-21,3253610000,BTC
2018-10-22,3672860000,BTC
2018-10-23,3716150000,BTC
2018-10-24,3424670000,BTC
2018-10-25,3230550000,BTC
2018-10-26,3306050000,BTC
2018-10-27,3393250000,BTC
2018-10-28,3445190000,BTC
2018-10-29,4199910000,BTC
2018-10-30,3781100000,BTC
2018-10-31,4191240000,BTC
2018-11-01,3789400000,BTC
2018-11-02,4234870000,BTC
2018-11-03,3658640000,BTC
2018-11-04,4390020000,BTC
2018-11-05,4174800000,BTC
2018-11-06,4700040000,BTC
2018-11-07,4941260000,BTC
2018-11-08,4665260000,BTC
2018-11-09,4346820000,BTC
2018-11-10,3705320000,BTC
2018-11-11,3939060000,BTC
2018-11-12,4295770000,BTC
2018-11-13,4503800000,BTC
2018-11-14,7398940000,BTC
2018-11-15,7032140000,BTC
2018-11-16,5279320000,BTC
2018-11-17,4303150000,BTC
2018-11-18,4159680000,BTC
2018-11-19,7039560000,BTC
2018-11-20,8428290000,BTC
2018-11-21,6120120000,BTC
2018-11-22,4569370000,BTC
2018-11-23,4871490000,BTC
2018-11-24,4679500000,BTC
2018-11-25,6825640000,BTC
2018-11-26,6476900000,BTC
2018-11-27,5998720000,BTC
2018-11-28,7280280000,BTC
2018-11-29,6503347767,BTC
2018-11-30,6048016717,BTC
2018-12-01,5375314093,BTC
2018-12-02,5262697895,BTC
2018-12-03,5089570994,BTC
2018-12-04,5028069239,BTC
2018-12-05,5302481574,BTC
2018-12-06,5878333109,BTC
2018-12-07,6835615448,BTC
2018-12-08,5305024497,BTC
2018-12-09,4947372847,BTC
2018-12-10,5020968740,BTC
2018-12-11,4696765188,BTC
2018-12-12,4139364829,BTC
2018-12-13,4343372456,BTC
2018-12-14,4372763663,BTC
2018-12-15,3551763561,BTC
2018-12-16,3744248994,BTC
2018-12-17,5409247918,BTC
2018-12-18,5911325473,BTC
2018-12-19,6810689119,BTC
2018-12-20,8927129279,BTC
2018-12-21,7206015706,BTC
2018-12-22,5605823233,BTC
2018-12-23,6151275490,BTC
2018-12-24,7240968501,BTC
2018-12-25,6158207293,BTC
2018-12-26,5326547918,BTC
2018-12-27,5130222366,BTC
2018-12-28,5631554348,BTC
2018-12-29,4991655917,BTC
2018-12-30,4770578575,BTC
2018-12-31,4661840806,BTC
2019-01-01,4324200990,BTC
2019-01-02,5244856836,BTC
2019-01-03,4530215219,BTC
2019-01-04,4847965467,BTC
2019-01-05,5137609824,BTC
2019-01-06,5597027440,BTC
2019-01-07,5228625637,BTC
2019-01-08,5306593305,BTC
2019-01-09,5115905225,BTC
2019-01-10,6874143796,BTC
2019-01-11,5538712865,BTC
2019-01-12,4778170883,BTC
2019-01-13,4681302466,BTC
2019-01-14,5651384490,BTC
2019-01-15,5537192302,BTC
2019-01-16,5394457145,BTC
2019-01-17,5464420383,BTC
2019-01-18,5002961727,BTC
2019-01-19,5955691380,BTC
2019-01-20,5582489560,BTC
2019-01-21,5004347059,BTC
2019-01-22,5313623556,BTC
2019-01-23,5433755649,BTC
2019-01-24,5262869046,BTC
2019-01-25,5265847539,BTC
2019-01-26,5098183235,BTC
2019-01-27,5570752966,BTC
2019-01-28,6908930483,BTC
2019-01-29,5897159493,BTC
2019-01-30,5955112627,BTC
2019-01-31,5831198271,BTC
2019-02-01,5422926707,BTC
2019-02-02,5071623601,BTC
2019-02-03,5043937584,BTC
2019-02-04,5332718886,BTC
2019-02-05,5227549545,BTC
2019-02-06,5482196038,BTC
2019-02-07,5004962683,BTC
2019-02-08,7735623101,BTC
2019-02-09,6158833645,BTC
2019-02-10,6282256903,BTC
2019-02-11,6277056434,BTC
2019-02-12,6480384532,BTC
2019-02-13,6438903823,BTC
2019-02-14,6271044418,BTC
2019-02-15,6091952231,BTC
2019-02-16,5934744052,BTC
2019-02-17,7039512503,BTC
2019-02-18,9908216640,BTC
2019-02-19,9933626655,BTC
2019-02-20,8693373948,BTC
2019-02-21,7775128102,BTC
2019-02-22,7826525254,BTC
2019-02-23,8922258316,BTC
2019-02-24,10794227451,BTC
2019-02-25,9318796067,BTC
2019-02-26,7931218996,BTC
2019-02-27,8301309684,BTC
2019-02-28,8399767798,BTC
2019-03-01,7661247975,BTC
2019-03-02,7578786076,BTC
2019-03-03,7253558152,BTC
2019-03-04,9029175788,BTC
2019-03-05,10174126415,BTC
2019-03-06,9175291529,BTC
2019-03-07,9584165519,BTC
2019-03-08,10638638944,BTC
2019-03-09,10796103518,BTC
2019-03-10,9713267607,BTC
2019-03-11,10125901903,BTC
2019-03-12,9809887079,BTC
2019-03-13,9469184841,BTC
2019-03-14,10480789570,BTC
2019-03-15,9394210605,BTC
2019-03-16,9856166973,BTC
2019-03-17,8221625400,BTC
2019-03-18,9646954186,BTC
2019-03-19,9344919956,BTC
2019-03-20,10175916388,BTC
2019-03-21,10831212662,BTC
2019-03-22,9252935969,BTC
2019-03-23,9578850549,BTC
2019-03-24,9144851065,BTC
2019-03-25,10359818883,BTC
2019-03-26,10707678815,BTC
2019-03-27,10897131934,BTC
2019-03-28,9353915899,BTC
2019-03-29,10918665557,BTC
2019-03-30,9732688060,BTC
2019-03-31,9045122443,BTC
2019-04-01,10157794171,BTC
2019-04-02,21315047816,BTC
2019-04-03,22899891582,BTC
2019-04-04,18251810240,BTC
2019-04-05,16837325387,BTC
2019-04-06,16929795194,BTC
2019-04-07,16655416140,BTC
2019-04-08,17154113634,BTC
2019-04-09,14722104361,BTC
2019-04-10,15504590933,BTC
2019-04-11,16555616019,BTC
2019-04-12,13675206312,BTC
2019-04-13,10823289598,BTC
2019-04-14,10391952498,BTC
2019-04-15,12290155061,BTC
2019-04-16,11618660197,BTC
2019-04-17,12438480677,BTC
2019-04-18,13256489918,BTC
2019-04-19,13780238655,BTC
2019-04-20,13169647522,BTC
2019-04-21,13731844223,BTC
2019-04-22,14601631648,BTC
2019-04-23,15867308108,BTC
2019-04-24,17048033399,BTC
2019-04-25,15330283408,BTC
2019-04-26,16812108040,BTC
2019-04-27,13111274675,BTC
2019-04-28,12819992056,BTC
2019-04-29,13735490672,BTC
2019-04-30,13878964574,BTC
2019-05-01,13679528236,BTC
2019-05-02,14644460907,BTC
2019-05-03,18720780006,BTC
2019-05-04,17567780766,BTC
2019-05-05,14808830723,BTC
2019-05-06,15737171804,BTC
2019-05-07,18026409033,BTC
2019-05-08,15320605300,BTC
2019-05-09,16784645411,BTC
2019-05-10,19419875368,BTC
2019-05-11,28867562329,BTC
2019-05-12,27773333680,BTC
2019-05-13,28677672181,BTC
2019-05-14,32031452227,BTC
2019-05-15,28344112920,BTC
2019-05-16,33167197581,BTC
2019-05-17,30066644905,BTC
2019-05-18,21354286562,BTC
2019-05-19,25902422040,BTC
2019-05-20,23843404340,BTC
2019-05-21,25127245056,BTC
2019-05-22,24719473175,BTC
2019-05-23,24457107820,BTC
2019-05-24,25919126991,BTC
2019-05-25,22256813107,BTC
2019-05-26,26677970091,BTC
2019-05-27,27949839564,BTC
2019-05-28,24226919267,BTC
2019-05-29,23473479966,BTC
2019-05-30,29246528551,BTC
2019-05-31,25365190957,BTC
2019-06-01,22488303544,BTC
2019-06-02,20266216022,BTC
2019-06-03,22004511436,BTC
2019-06-04,24609731549,BTC
2019-06-05,21760923463,BTC
2019-06-06,19474611077,BTC
2019-06-07,19141423231,BTC
2019-06-08,16522722810,BTC
2019-06-09,16610726547,BTC
2019-06-10,18689275117,BTC
2019-06-11,17107279932,BTC
2019-06-12,19034432883,BTC
2019-06-13,18669407147,BTC
2019-06-14,19831162906,BTC
2019-06-15,18371033226,BTC
2019-06-16,23348550311,BTC
2019-06-17,15562951919,BTC
2019-06-18,15848210536,BTC
2019-06-19,15546809946,BTC
2019-06-20,17846823784,BTC
2019-06-21,20624008643,BTC
2019-06-22,29995204861,BTC
2019-06-23,20998326502,BTC
2019-06-24,19271652365,BTC
2019-06-25,24879684533,BTC
2019-06-26,45105733173,BTC
2019-06-27,39977475223,BTC
2019-06-28,35087757766,BTC
2019-06-29,29923961128,BTC
2019-06-30,27256473494,BTC
2019-07-01,29378589324,BTC
2019-07-02,31015895223,BTC
2019-07-03,30796494294,BTC
2019-07-04,25920294033,BTC
2019-07-05,23838480210,BTC
2019-07-06,21092024306,BTC
2019-07-07,19369044277,BTC
2019-07-08,23482551458,BTC
2019-07-09,28167921523,BTC
2019-07-10,33627574244,BTC
2019-07-11,28595327690,BTC
2019-07-12,23534692797,BTC
2019-07-13,21042616384,BTC
2019-07-14,22486000001,BTC
2019-07-15,25384047207,BTC
2019-07-16,24151199070,BTC
2019-07-17,24569921549,BTC
2019-07-18,25187024648,BTC
2019-07-19,20727426310,BTC
2019-07-20,20206615155,BTC
2019-07-21,17130580467,BTC
2019-07-22,16334414913,BTC
2019-07-23,17851916995,BTC
2019-07-24,17398734322,BTC
2019-07-25,15821952090,BTC
2019-07-26,14495714483,BTC
2019-07-27,16817809536,BTC
2019-07-28,13738687093,BTC
2019-07-29,13791445323,BTC
2019-07-30,13829811132,BTC
2019-07-31,16631520648,BTC
2019-08-01,17165337858,BTC
2019-08-02,17489094082,BTC
2019-08-03,15352685061,BTC
2019-08-04,16530894787,BTC
2019-08-05,23875988832,BTC
2019-08-06,23635107660,BTC
2019-08-07,22194988641,BTC
2019-08-08,19481591730,BTC
2019-08-09,18339989960,BTC
2019-08-10,18125355447,BTC
2019-08-11,15774371518,BTC
2019-08-12,13647198229,BTC
2019-08-13,16681503537,BTC
2019-08-14,19990838300,BTC
2019-08-15,22899115082,BTC
2019-08-16,20228207096,BTC
2019-08-17,13778035685,BTC
2019-08-18,12999813869,BTC
2019-08-19,16038264603,BTC
2019-08-20,15053082175,BTC
2019-08-21,19473084768,BTC
2019-08-22,17097508856,BTC
2019-08-23,15627023886,BTC
2019-08-24,15451030650,BTC
2019-08-25,14153856610,BTC
2019-08-26,18438654080,BTC
2019-08-27,14762609503,BTC
2019-08-28,17603790323,BTC
2019-08-29,17045878501,BTC
2019-08-30,13595263986,BTC
2019-08-31,11454806419,BTC
2019-09-01,11445355859,BTC
2019-09-02,17248102294,BTC
2019-09-03,19384917989,BTC
2019-09-04,16742664769,BTC
2019-09-05,14551239508,BTC
2019-09-06,19536574783,BTC
2019-09-07,15307366476,BTC
2019-09-08,13670567493,BTC
2019-09-09,17595943368,BTC
2019-09-10,14906809639,BTC
2019-09-11,15428063426,BTC
2019-09-12,15323563925,BTC
2019-09-13,14109864675,BTC
2019-09-14,13468713124,BTC
2019-09-15,12043433567,BTC
2019-09-16,15160167779,BTC
2019-09-17,15304603363,BTC
2019-09-18,16169268880,BTC
2019-09-19,19937691247,BTC
2019-09-20,14734189639,BTC
2019-09-21,13425266806,BTC
2019-09-22,13199651698,BTC
2019-09-23,15144925408,BTC
2019-09-24,25002886689,BTC
2019-09-25,21744728353,BTC
2019-09-26,19258205289,BTC
2019-09-27,16408941156,BTC
2019-09-28,14141152736,BTC
2019-09-29,13034629109,BTC
2019-09-30,17115474183,BTC
2019-10-01,15305343413,BTC
2019-10-02,13125712443,BTC
2019-10-03,13668823409,BTC
2019-10-04,13139456229,BTC
2019-10-05,12200497197,BTC
2019-10-06,13160830305,BTC
2019-10-07,18009742607,BTC
2019-10-08,15592264032,BTC
2019-10-09,19384942333,BTC
2019-10-10,17618660671,BTC
2019-10-11,19604381101,BTC
2019-10-12,14532641605,BTC
2019-10-13,13808286059,BTC
2019-10-14,15151387859,BTC
2019-10-15,15220412632,BTC
2019-10-16,16071646996,BTC
2019-10-17,14313052244,BTC
2019-10-18,15651592610,BTC
2019-10-19,13797825640,BTC
2019-10-20,15504249442,BTC
2019-10-21,15868748866,BTC
2019-10-22,16803377857,BTC
2019-10-23,21942878958,BTC
2019-10-24,16268708849,BTC
2019-10-25,28705065488,BTC
2019-10-26,44496255609,BTC
2019-10-27,32593129501,BTC
2019-10-28,30948255332,BTC
2019-10-29,28426779937,BTC
2019-10-30,27706531577,BTC
2019-10-31,26583653947,BTC
2019-11-01,24324691031,BTC
2019-11-02,21242676385,BTC
2019-11-03,21132220847,BTC
2019-11-04,26170255634,BTC
2019-11-05,26198609048,BTC
2019-11-06,23133895765,BTC
2019-11-07,22700383839,BTC
2019-11-08,24333037836,BTC
2019-11-09,17578630606,BTC
2019-11-10,20587919881,BTC
2019-11-11,20265510765,BTC
2019-11-12,20309769107,BTC
2019-11-13,17545755405,BTC
2019-11-14,19084739975,BTC
2019-11-15,21796856471,BTC
2019-11-16,16495389808,BTC
2019-11-17,18668638897,BTC
2019-11-18,21579470673,BTC
2019-11-19,21083613816,BTC
2019-11-20,20764300437,BTC
2019-11-21,22514243371,BTC
2019-11-22,34242315785,BTC
2019-11-23,21008924418,BTC
2019-11-24,30433517289,BTC
2019-11-25,42685231262,BTC
2019-11-26,21129505542,BTC
2019-11-27,23991412764,BTC
2019-11-28,19050116751,BTC
2019-11-29,19709695456,BTC
2019-11-30,17158194786,BTC
2019-12-01,18720708479,BTC
2019-12-02,17082040706,BTC
2019-12-03,14797485769,BTC
2019-12-04,21664240918,BTC
2019-12-05,18816085231,BTC
2019-12-06,18104466307,BTC
2019-12-07,15453520564,BTC
2019-12-08,15409908086,BTC
2019-12-09,17872021272,BTC
2019-12-10,18249031195,BTC
2019-12-11,16350490689,BTC
2019-12-12,18927080224,BTC
2019-12-13,17125736940,BTC
2019-12-14,17137029730,BTC
2019-12-15,16881129804,BTC
2019-12-16,20213265950,BTC
2019-12-17,22363804217,BTC
2019-12-18,31836522778,BTC
2019-12-19,25904604416,BTC
2019-12-20,22633815180,BTC
2019-12-21,19312552168,BTC
2019-12-22,23134537956,BTC
2019-12-23,27831788041,BTC
2019-12-24,22991622105,BTC
2019-12-25,21559505149,BTC
2019-12-26,22787010034,BTC
2019-12-27,22777360996,BTC
2019-12-28,21365673026,BTC
2019-12-29,22445257702,BTC
2019-12-30,22874131672,BTC
2019-12-31,21167946112,BTC
2020-01-01,18565664997,BTC
2020-01-02,20802083465,BTC
2020-01-03,28111481032,BTC
2020-01-04,18444271275,BTC
2020-01-05,19725074095,BTC
2020-01-06,23276261598,BTC
2020-01-07,28767291327,BTC
2020-01-08,31672559265,BTC
2020-01-09,24045990466,BTC
2020-01-10,28714583844,BTC
2020-01-11,25521165085,BTC
2020-01-12,22903438381,BTC
2020-01-13,22482910688,BTC
2020-01-14,44841784107,BTC
2020-01-15,40102834650,BTC
2020-01-16,31313981931,BTC
2020-01-17,36372139320,BTC
2020-01-18,32337772627,BTC
2020-01-19,34217320471,BTC
2020-01-20,26422375678,BTC
2020-01-21,24097418512,BTC
2020-01-22,22600204051,BTC
2020-01-23,25770680779,BTC
2020-01-24,24397913026,BTC
2020-01-25,19647331549,BTC
2020-01-26,22177678796,BTC
2020-01-27,28647338393,BTC
2020-01-28,34398744403,BTC
2020-01-29,30682598115,BTC
2020-01-30,32378792851,BTC
2020-01-31,29432489719,BTC
2020-02-01,25922656496,BTC
2020-02-02,30835736946,BTC
2020-02-03,30934096509,BTC
2020-02-04,29893183716,BTC
2020-02-05,35222060874,BTC
2020-02-06,37628823716,BTC
2020-02-07,34522718159,BTC
2020-02-08,35172043762,BTC
2020-02-09,35807884663,BTC
2020-02-10,39386548075,BTC
2020-02-11,37648059389,BTC
2020-02-12,43444303830,BTC
2020-02-13,49356071373,BTC
2020-02-14,43338264162,BTC
2020-02-15,43865054831,BTC
2020-02-16,43374780305,BTC
2020-02-17,45998298413,BTC
2020-02-18,47271023953,BTC
2020-02-19,46992019710,BTC
2020-02-20,44925260237,BTC
2020-02-21,40930547513,BTC
2020-02-22,35838025154,BTC
2020-02-23,41185185761,BTC
2020-02-24,45080496648,BTC
2020-02-25,42515259129,BTC
2020-02-26,50420050762,BTC
2020-02-27,45470195695,BTC
2020-02-28,44605450443,BTC
2020-02-29,35792392544,BTC
2020-03-01,35349164300,BTC
2020-03-02,42857674409,BTC
2020-03-03,42386715821,BTC
2020-03-04,34746706368,BTC
2020-03-05,39698054597,BTC
2020-03-06,40826885651,BTC
2020-03-07,36216930370,BTC
2020-03-08,39973102121,BTC
2020-03-09,46936995808,BTC
2020-03-10,42213940994,BTC
2020-03-11,38682762605,BTC
2020-03-12,53980357243,BTC
2020-03-13,74156772075,BTC
2020-03-14,36154506008,BTC
2020-03-15,33997889639,BTC
2020-03-16,45368026430,BTC
2020-03-17,38622642935,BTC
2020-03-18,37878801016,BTC
2020-03-19,51000731797,BTC
2020-03-20,54442976103,BTC
2020-03-21,42494390880,BTC
2020-03-22,40099664740,BTC
2020-03-23,46491916000,BTC
2020-03-24,48221910672,BTC
2020-03-25,44590107888,BTC
2020-03-26,35319797642,BTC
2020-03-27,34585598367,BTC
2020-03-28,34885225901,BTC
2020-03-29,28373690931,BTC
2020-03-30,37101651525,BTC
2020-03-31,32786468812,BTC
2020-04-01,40346426266,BTC
2020-04-02,47660646124,BTC
2020-04-03,38976504903,BTC
2020-04-04,33185988584,BTC
2020-04-05,29510409856,BTC
2020-04-06,46896904615,BTC
2020-04-07,44243482668,BTC
2020-04-08,37563249549,BTC
2020-04-09,34815139178,BTC
2020-04-10,43622840992,BTC
2020-04-11,31222085946,BTC
2020-04-12,35759567632,BTC
2020-04-13,38619308647,BTC
2020-04-14,34110434052,BTC
2020-04-15,32288311031,BTC
2020-04-16,46783242377,BTC
2020-04-17,32513423567,BTC
2020-04-18,32447188386,BTC
2020-04-19,31311210215,BTC
2020-04-20,37747113936,BTC
2020-04-21,32589741511,BTC
2020-04-22,33249153866,BTC
2020-04-23,43500782316,BTC
2020-04-24,34636526286,BTC
2020-04-25,32941541447,BTC
2020-04-26,33070154491,BTC
2020-04-27,36162144725,BTC
2020-04-28,33187959921,BTC
2020-04-29,60201052203,BTC
2020-04-30,66964629541,BTC
2020-05-01,44068389997,BTC
2020-05-02,40134388683,BTC
2020-05-03,47101785174,BTC
2020-05-04,45718796276,BTC
2020-05-05,43148462663,BTC
2020-05-06,49371886931,BTC
2020-05-07,61112700562,BTC
2020-05-08,51780748042,BTC
2020-05-09,46566121841,BTC
2020-05-10,63325279337,BTC
2020-05-11,57119858802,BTC
2020-05-12,42142717533,BTC
2020-05-13,45558144023,BTC
2020-05-14,56426907637,BTC
2020-05-15,48158802327,BTC
2020-05-16,36164766408,BTC
2020-05-17,40084250663,BTC
2020-05-18,41827139896,BTC
2020-05-19,39254288955,BTC
2020-05-20,36546239703,BTC
2020-05-21,39326160532,BTC
2020-05-22,29810773699,BTC
2020-05-23,27727866812,BTC
2020-05-24,32518803300,BTC
2020-05-25,31288157264,BTC
2020-05-26,29584186947,BTC
2020-05-27,32740536902,BTC
2020-05-28,34367073114,BTC
2020-05-29,32896642044,BTC
2020-05-30,32722975141,BTC
2020-05-31,27773290299,BTC
2020-06-01,35198901068,BTC
2020-06-02,39137252109,BTC
2020-06-03,25007459262,BTC
2020-06-04,25921805072,BTC
2020-06-05,23509628646,BTC
2020-06-06,20438419222,BTC
2020-06-07,25015250846,BTC
2020-06-08,21486346312,BTC
2020-06-09,23717842783,BTC
2020-06-10,25706567601,BTC
2020-06-11,30247143440,BTC
2020-06-12,22610564515,BTC
2020-06-13,17564322315,BTC
2020-06-14,18991732746,BTC
2020-06-15,26699704768,BTC
2020-06-16,21565537209,BTC
2020-06-17,20177709879,BTC
2020-06-18,17770083003,BTC
2020-06-19,19632223107,BTC
2020-06-20,17130541557,BTC
2020-06-21,15324301169,BTC
2020-06-22,21104009514,BTC
2020-06-23,17006433272,BTC
2020-06-24,18961716076,BTC
